accuracy,efficiency,k,distance,policy,weighting,fold
0.8289269051321928,0.5877456665039062,1,chebyshev,majority,relief,satimage-6
0.8289269051321928,0.580132007598877,1,chebyshev,inverse,relief,satimage-6
0.8289269051321928,0.5773043632507324,1,chebyshev,sheppard,relief,satimage-6
0.8304821150855366,0.584862232208252,1,chebyshev,sheppard,relief,satimage-8
0.8304821150855366,0.5719339847564697,1,chebyshev,inverse,relief,satimage-8
0.8304821150855366,0.5750291347503662,1,chebyshev,majority,relief,satimage-8
0.8310077519379845,0.574601411819458,1,chebyshev,majority,relief,satimage-5
0.8310077519379845,0.5708944797515869,1,chebyshev,inverse,relief,satimage-5
0.8310077519379845,0.5702123641967773,1,chebyshev,sheppard,relief,satimage-5
0.8312693498452013,0.5893166065216064,1,chebyshev,majority,relief,satimage-7
0.8312693498452013,0.5796372890472412,1,chebyshev,inverse,relief,satimage-7
0.8312693498452013,0.5768804550170898,1,chebyshev,sheppard,relief,satimage-7
0.834108527131783,0.6323575973510742,1,chebyshev,inverse,relief,satimage-2
0.834108527131783,0.621084451675415,1,chebyshev,majority,relief,satimage-2
0.834108527131783,0.6419534683227539,1,chebyshev,sheppard,relief,satimage-2
0.8367029548989113,0.5773375034332275,3,chebyshev,majority,relief,satimage-8
0.8367029548989113,0.5747191905975342,3,chebyshev,inverse,relief,satimage-8
0.8367029548989113,0.5729472637176514,3,chebyshev,sheppard,relief,satimage-8
0.8398133748055988,0.5719101428985596,5,chebyshev,sheppard,relief,satimage-8
0.8413685847589425,0.578361988067627,5,chebyshev,majority,relief,satimage-8
0.8413685847589425,0.5771656036376953,5,chebyshev,inverse,relief,satimage-8
0.8429237947122862,0.587277889251709,7,chebyshev,sheppard,relief,satimage-8
0.8429237947122862,0.5758497714996338,7,chebyshev,inverse,relief,satimage-8
0.8436532507739938,0.5816495418548584,3,chebyshev,majority,relief,satimage-7
0.8444790046656299,0.5804827213287354,3,chebyshev,majority,relief,satimage-6
0.8449612403100775,0.5782859325408936,7,chebyshev,majority,relief,satimage-5
0.8452012383900929,0.5821912288665771,3,chebyshev,sheppard,relief,satimage-7
0.8452012383900929,0.5839030742645264,3,chebyshev,inverse,relief,satimage-7
0.8460342146189735,0.5774312019348145,7,chebyshev,majority,relief,satimage-8
0.8465116279069768,0.5797703266143799,3,chebyshev,majority,relief,satimage-5
0.8465116279069768,0.5752732753753662,7,chebyshev,inverse,relief,satimage-5
0.8465116279069768,0.5758726596832275,7,chebyshev,sheppard,relief,satimage-5
0.8480620155038759,0.575385332107544,3,chebyshev,inverse,relief,satimage-5
0.8480620155038759,0.6081438064575195,3,chebyshev,sheppard,relief,satimage-5
0.8489096573208723,0.5847911834716797,1,chebyshev,sheppard,relief,satimage-9
0.8489096573208723,0.6319124698638916,1,chebyshev,inverse,relief,satimage-9
0.8489096573208723,0.6172900199890137,1,chebyshev,majority,relief,satimage-9
0.8491446345256609,0.693835973739624,3,chebyshev,sheppard,relief,satimage-6
0.8491446345256609,0.6190800666809082,1,chebyshev,sheppard,mutual_info,satimage-8
0.8491446345256609,0.6331377029418945,3,chebyshev,majority,relief,satimage-0
0.8491446345256609,0.6129045486450195,1,chebyshev,majority,mutual_info,satimage-8
0.8491446345256609,0.6108918190002441,1,chebyshev,inverse,mutual_info,satimage-8
0.8491446345256609,0.6165602207183838,3,chebyshev,inverse,relief,satimage-6
0.8496124031007752,0.5968866348266602,3,chebyshev,sheppard,relief,satimage-2
0.8496124031007752,0.5974140167236328,3,chebyshev,inverse,relief,satimage-2
0.8506998444790047,0.6052660942077637,7,chebyshev,inverse,relief,satimage-0
0.8506998444790047,0.6111347675323486,3,chebyshev,inverse,relief,satimage-0
0.8506998444790047,0.6426458358764648,3,chebyshev,sheppard,relief,satimage-0
0.8506998444790047,0.6219992637634277,7,chebyshev,majority,relief,satimage-0
0.8506998444790047,0.6297402381896973,7,chebyshev,sheppard,relief,satimage-0
0.8511627906976744,0.5950803756713867,3,chebyshev,majority,relief,satimage-2
0.8520249221183801,0.8426709175109863,3,chebyshev,majority,relief,satimage-9
0.8535825545171339,0.5916469097137451,3,chebyshev,sheppard,relief,satimage-9
0.8535825545171339,0.6377613544464111,3,chebyshev,inverse,relief,satimage-9
0.8538102643856921,0.6159143447875977,5,chebyshev,majority,relief,satimage-0
0.8542635658914729,0.577355146408081,7,chebyshev,sheppard,relief,satimage-2
0.8542635658914729,0.5822353363037109,7,chebyshev,inverse,relief,satimage-2
0.8553654743390358,0.5764575004577637,1,chebyshev,inverse,relief,satimage-0
0.8553654743390358,0.5753223896026611,1,chebyshev,majority,relief,satimage-0
0.8553654743390358,0.6067533493041992,5,chebyshev,inverse,relief,satimage-0
0.8553654743390358,0.6296520233154297,5,chebyshev,sheppard,relief,satimage-0
0.8553654743390358,0.595940113067627,1,chebyshev,sheppard,relief,satimage-0
0.8558139534883721,0.5832409858703613,7,chebyshev,majority,relief,satimage-2
0.8558139534883721,0.5798513889312744,5,chebyshev,inverse,relief,satimage-2
0.8558139534883721,0.5768704414367676,5,chebyshev,sheppard,relief,satimage-2
0.8566978193146417,0.5713152885437012,1,chebyshev,inverse,relief,satimage-4
0.8566978193146417,0.5663647651672363,1,chebyshev,sheppard,relief,satimage-4
0.8566978193146417,0.5734305381774902,1,chebyshev,majority,relief,satimage-4
0.8569206842923794,0.6037702560424805,1,chebyshev,majority,relief,satimage-1
0.8569206842923794,0.6054790019989014,1,chebyshev,inverse,relief,satimage-1
0.8569206842923794,0.7386839389801025,7,chebyshev,majority,uniform,satimage-8
0.8569206842923794,0.5958201885223389,1,chebyshev,sheppard,relief,satimage-1
0.8569206842923794,0.5799586772918701,7,chebyshev,majority,relief,satimage-6
0.8569206842923794,0.5763394832611084,7,chebyshev,inverse,relief,satimage-6
0.8573643410852713,0.5796515941619873,5,chebyshev,majority,relief,satimage-2
0.8584758942457231,0.5859026908874512,7,chebyshev,inverse,relief,satimage-3
0.8584758942457231,0.573676347732544,7,chebyshev,sheppard,relief,satimage-6
0.8584758942457231,0.6096434593200684,3,chebyshev,majority,uniform,satimage-8
0.8584758942457231,0.6481800079345703,3,chebyshev,inverse,uniform,satimage-8
0.8584758942457231,0.6208186149597168,3,chebyshev,sheppard,uniform,satimage-8
0.8584758942457231,0.6313338279724121,7,chebyshev,sheppard,mutual_info,satimage-8
0.8589147286821706,0.5763075351715088,5,chebyshev,inverse,relief,satimage-5
0.8589147286821706,0.5723564624786377,5,chebyshev,sheppard,relief,satimage-5
0.8600311041990669,0.6098809242248535,7,chebyshev,inverse,mutual_info,satimage-8
0.8600311041990669,0.6525068283081055,3,chebyshev,sheppard,mutual_info,satimage-8
0.8600311041990669,0.796684980392456,3,chebyshev,inverse,mutual_info,satimage-8
0.8600311041990669,0.6133162975311279,7,chebyshev,majority,mutual_info,satimage-8
0.8600311041990669,0.5869762897491455,7,chebyshev,sheppard,relief,satimage-3
0.8604651162790697,0.5754051208496094,5,chebyshev,majority,relief,satimage-5
0.8606811145510835,0.7899346351623535,5,chebyshev,majority,relief,satimage-7
0.8615863141524106,0.5754692554473877,1,chebyshev,inverse,relief,satimage-3
0.8615863141524106,0.5774681568145752,1,chebyshev,majority,relief,satimage-3
0.8615863141524106,0.5764055252075195,1,chebyshev,sheppard,relief,satimage-3
0.8622291021671826,0.6280796527862549,7,chebyshev,inverse,relief,satimage-7
0.8622291021671826,1.0432839393615723,5,chebyshev,inverse,relief,satimage-7
0.8631415241057543,0.8176612854003906,3,chebyshev,majority,mutual_info,satimage-8
0.8631415241057543,0.6732177734375,7,chebyshev,sheppard,uniform,satimage-8
0.8631415241057543,0.43459224700927734,7,2-norm,majority,relief,satimage-0
0.8635658914728682,0.7155036926269531,1,chebyshev,inverse,uniform,satimage-5
0.8635658914728682,1.0696923732757568,1,chebyshev,majority,uniform,satimage-5
0.8635658914728682,0.6265044212341309,1,chebyshev,sheppard,uniform,satimage-5
0.8635658914728682,0.6074395179748535,1,chebyshev,sheppard,uniform,satimage-2
0.8635658914728682,0.6308248043060303,1,chebyshev,majority,uniform,satimage-2
0.8635658914728682,0.6131319999694824,1,chebyshev,inverse,uniform,satimage-2
0.8637770897832817,0.5869925022125244,7,chebyshev,sheppard,relief,satimage-7
0.8637770897832817,0.647768497467041,7,chebyshev,majority,relief,satimage-7
0.8637770897832817,0.6837897300720215,5,chebyshev,sheppard,relief,satimage-7
0.864696734059098,0.6100406646728516,5,chebyshev,majority,mutual_info,satimage-8
0.864696734059098,0.6138753890991211,5,chebyshev,inverse,mutual_info,satimage-8
0.864696734059098,0.6092650890350342,5,chebyshev,sheppard,mutual_info,satimage-8
0.864696734059098,0.5883967876434326,7,chebyshev,majority,relief,satimage-3
0.8651162790697674,0.6140093803405762,1,chebyshev,majority,mutual_info,satimage-5
0.8651162790697674,0.6055917739868164,1,chebyshev,inverse,mutual_info,satimage-5
0.8651162790697674,0.6045010089874268,1,chebyshev,sheppard,mutual_info,satimage-5
0.8662519440124417,0.4356820583343506,7,2-norm,sheppard,relief,satimage-0
0.8662519440124417,0.6264302730560303,5,chebyshev,sheppard,relief,satimage-6
0.8662519440124417,0.7171652317047119,5,chebyshev,inverse,relief,satimage-6
0.8662519440124417,0.6307053565979004,5,chebyshev,majority,relief,satimage-6
0.8662519440124417,0.5926754474639893,3,chebyshev,inverse,relief,satimage-1
0.8662519440124417,0.5958428382873535,5,chebyshev,majority,relief,satimage-1
0.8662519440124417,0.6737313270568848,7,chebyshev,inverse,uniform,satimage-8
0.8662519440124417,0.6103131771087646,3,chebyshev,sheppard,relief,satimage-1
0.8662519440124417,0.6118266582489014,1,chebyshev,sheppard,uniform,satimage-8
0.8662519440124417,0.630180835723877,1,chebyshev,inverse,uniform,satimage-8
0.8662519440124417,0.6269114017486572,1,chebyshev,majority,uniform,satimage-8
0.8678071539657853,0.6337869167327881,5,chebyshev,majority,uniform,satimage-8
0.8678071539657853,0.4263310432434082,7,2-norm,inverse,relief,satimage-0
0.8678071539657853,0.6948740482330322,3,chebyshev,majority,relief,satimage-1
0.8682170542635659,0.4378492832183838,3,2-norm,inverse,relief,satimage-5
0.8682170542635659,0.4236288070678711,3,2-norm,sheppard,relief,satimage-5
0.8693623639191291,0.5862326622009277,5,chebyshev,inverse,relief,satimage-1
0.8693623639191291,0.577594518661499,5,chebyshev,sheppard,relief,satimage-1
0.8693623639191291,0.6190400123596191,5,chebyshev,sheppard,uniform,satimage-8
0.8693623639191291,0.6498408317565918,5,chebyshev,inverse,uniform,satimage-8
0.8693623639191291,0.42824673652648926,1,2-norm,sheppard,relief,satimage-1
0.8693623639191291,0.45986461639404297,1,2-norm,inverse,relief,satimage-1
0.8693623639191291,0.46260738372802734,1,2-norm,majority,relief,satimage-1
0.8697674418604651,0.43465089797973633,3,2-norm,majority,relief,satimage-5
0.8697674418604651,0.6118645668029785,5,chebyshev,sheppard,uniform,satimage-2
0.8697674418604651,0.621239185333252,5,chebyshev,inverse,uniform,satimage-2
0.8697674418604651,0.6195058822631836,7,chebyshev,inverse,uniform,satimage-2
0.8697674418604651,0.6099469661712646,7,chebyshev,sheppard,uniform,satimage-2
0.8707165109034268,0.5719614028930664,5,chebyshev,inverse,relief,satimage-4
0.8707165109034268,0.5666396617889404,5,chebyshev,sheppard,relief,satimage-4
0.8709175738724728,0.6618034839630127,7,chebyshev,majority,uniform,satimage-0
0.8709175738724728,0.5953671932220459,7,chebyshev,inverse,relief,satimage-1
0.8722741433021807,0.6085653305053711,7,chebyshev,inverse,relief,satimage-9
0.8722741433021807,0.5688703060150146,5,chebyshev,majority,relief,satimage-4
0.8724727838258165,0.6071014404296875,7,chebyshev,sheppard,relief,satimage-1
0.8724727838258165,0.5807404518127441,3,chebyshev,inverse,relief,satimage-3
0.8724727838258165,0.5746240615844727,3,chebyshev,sheppard,relief,satimage-3
0.8728682170542635,0.43912386894226074,1,2-norm,inverse,relief,satimage-2
0.8728682170542635,0.43070435523986816,1,2-norm,sheppard,relief,satimage-2
0.8728682170542635,0.6112887859344482,3,chebyshev,majority,mutual_info,satimage-2
0.8728682170542635,0.6198751926422119,5,chebyshev,majority,uniform,satimage-2
0.8728682170542635,0.4182143211364746,1,2-norm,majority,relief,satimage-5
0.8728682170542635,0.41977620124816895,1,2-norm,inverse,relief,satimage-5
0.8728682170542635,0.4158594608306885,1,2-norm,sheppard,relief,satimage-5
0.8728682170542635,0.43903231620788574,1,2-norm,majority,relief,satimage-2
0.8738317757009346,0.6252696514129639,7,chebyshev,sheppard,relief,satimage-9
0.8740279937791602,0.6127712726593018,7,chebyshev,inverse,uniform,satimage-0
0.8740279937791602,0.6003727912902832,7,chebyshev,majority,relief,satimage-1
0.8740279937791602,0.6158850193023682,3,chebyshev,majority,uniform,satimage-0
0.8740279937791602,0.6169290542602539,7,chebyshev,sheppard,mutual_info,satimage-6
0.8740279937791602,0.4401876926422119,1,2-norm,inverse,relief,satimage-8
0.8740279937791602,0.4162583351135254,1,2-norm,sheppard,relief,satimage-8
0.8740279937791602,0.4589850902557373,1,2-norm,majority,relief,satimage-8
0.8740279937791602,0.5839855670928955,5,chebyshev,sheppard,relief,satimage-3
0.8740279937791602,0.6518993377685547,3,chebyshev,inverse,uniform,satimage-0
0.8740279937791602,0.6685740947723389,3,chebyshev,sheppard,uniform,satimage-0
0.8740279937791602,0.6057438850402832,7,chebyshev,sheppard,uniform,satimage-0
0.8740279937791602,0.5982575416564941,5,chebyshev,inverse,relief,satimage-3
0.8744186046511628,0.6188945770263672,3,chebyshev,inverse,uniform,satimage-2
0.8744186046511628,0.6176588535308838,7,chebyshev,majority,uniform,satimage-2
0.8744186046511628,0.616995096206665,3,chebyshev,sheppard,uniform,satimage-2
0.8744186046511628,0.6115367412567139,7,chebyshev,majority,mutual_info,satimage-5
0.8753894080996885,0.5688629150390625,3,chebyshev,sheppard,relief,satimage-4
0.8753894080996885,0.6627860069274902,3,chebyshev,majority,relief,satimage-4
0.8753894080996885,0.5708718299865723,3,chebyshev,inverse,relief,satimage-4
0.8755832037325039,0.6186792850494385,7,chebyshev,majority,mutual_info,satimage-6
0.8755832037325039,0.42020630836486816,3,2-norm,inverse,relief,satimage-8
0.8755832037325039,0.4187281131744385,3,2-norm,sheppard,relief,satimage-8
0.875968992248062,0.6066422462463379,3,chebyshev,inverse,mutual_info,satimage-5
0.875968992248062,0.42101478576660156,7,2-norm,inverse,relief,satimage-5
0.875968992248062,0.6108160018920898,3,chebyshev,inverse,mutual_info,satimage-2
0.875968992248062,0.6076769828796387,3,chebyshev,sheppard,mutual_info,satimage-2
0.875968992248062,0.4189176559448242,5,2-norm,sheppard,relief,satimage-5
0.875968992248062,0.4251894950866699,5,2-norm,inverse,relief,satimage-5
0.875968992248062,0.6249611377716064,3,chebyshev,sheppard,mutual_info,satimage-5
0.875968992248062,0.6109013557434082,7,chebyshev,sheppard,mutual_info,satimage-5
0.875968992248062,0.6288290023803711,3,chebyshev,majority,uniform,satimage-5
0.875968992248062,0.6253931522369385,3,chebyshev,majority,uniform,satimage-2
0.8761609907120743,0.665637731552124,1,chebyshev,majority,mutual_info,satimage-7
0.8761609907120743,0.6779301166534424,1,chebyshev,inverse,mutual_info,satimage-7
0.8761609907120743,0.7061171531677246,1,chebyshev,sheppard,mutual_info,satimage-7
0.8771384136858476,0.4207589626312256,1,2-norm,inverse,relief,satimage-3
0.8771384136858476,0.5874166488647461,5,chebyshev,majority,relief,satimage-3
0.8771384136858476,0.4194207191467285,3,2-norm,majority,relief,satimage-8
0.8771384136858476,0.41680335998535156,1,2-norm,sheppard,relief,satimage-3
0.8771384136858476,0.5798525810241699,3,chebyshev,majority,relief,satimage-3
0.8771384136858476,0.4209885597229004,1,2-norm,majority,relief,satimage-3
0.8771384136858476,0.6176033020019531,7,chebyshev,inverse,mutual_info,satimage-6
0.8771384136858476,0.6082255840301514,5,chebyshev,sheppard,uniform,satimage-0
0.8771384136858476,0.6084563732147217,1,chebyshev,sheppard,uniform,satimage-0
0.8771384136858476,0.6282458305358887,1,chebyshev,inverse,uniform,satimage-0
0.8771384136858476,0.6192529201507568,1,chebyshev,majority,uniform,satimage-0
0.8771384136858476,0.6067249774932861,5,chebyshev,inverse,uniform,satimage-0
0.8771384136858476,0.6141338348388672,5,chebyshev,majority,uniform,satimage-0
0.8775193798449612,0.6123602390289307,3,chebyshev,sheppard,uniform,satimage-5
0.8775193798449612,0.423586368560791,5,2-norm,majority,relief,satimage-5
0.8775193798449612,0.6087584495544434,5,chebyshev,sheppard,mutual_info,satimage-5
0.8775193798449612,0.6114296913146973,3,chebyshev,majority,mutual_info,satimage-5
0.8775193798449612,0.6150860786437988,3,chebyshev,inverse,uniform,satimage-5
0.8775193798449612,0.6108019351959229,5,chebyshev,majority,mutual_info,satimage-5
0.8775193798449612,0.6111841201782227,7,chebyshev,inverse,mutual_info,satimage-5
0.8775193798449612,0.6125731468200684,5,chebyshev,inverse,mutual_info,satimage-5
0.8775193798449612,0.42141222953796387,7,2-norm,sheppard,relief,satimage-5
0.8785046728971962,0.4639246463775635,1,2-norm,inverse,relief,satimage-9
0.8785046728971962,0.451352596282959,1,2-norm,sheppard,relief,satimage-9
0.8785046728971962,0.5953209400177002,5,chebyshev,majority,relief,satimage-9
0.8785046728971962,0.4853246212005615,1,2-norm,majority,relief,satimage-9
0.8785046728971962,0.5990593433380127,7,chebyshev,majority,relief,satimage-9
0.8786936236391913,0.6407794952392578,5,chebyshev,majority,mutual_info,satimage-0
0.8786936236391913,0.6212704181671143,1,chebyshev,majority,mutual_info,satimage-0
0.8786936236391913,0.42313265800476074,5,2-norm,majority,relief,satimage-0
0.8786936236391913,0.6112420558929443,7,chebyshev,majority,uniform,satimage-3
0.8786936236391913,0.6618103981018066,1,chebyshev,sheppard,mutual_info,satimage-0
0.8786936236391913,0.6219682693481445,1,chebyshev,inverse,mutual_info,satimage-0
0.8790697674418605,0.6161377429962158,5,chebyshev,majority,mutual_info,satimage-2
0.8800623052959502,0.5913934707641602,5,chebyshev,sheppard,relief,satimage-9
0.8800623052959502,0.5790252685546875,5,chebyshev,inverse,relief,satimage-9
0.880248833592535,0.6113922595977783,7,chebyshev,sheppard,uniform,satimage-3
0.880248833592535,0.4825577735900879,5,2-norm,sheppard,relief,satimage-0
0.880248833592535,0.6158344745635986,7,chebyshev,inverse,uniform,satimage-3
0.8806201550387597,0.41927528381347656,5,2-norm,sheppard,relief,satimage-2
0.8806201550387597,0.6127030849456787,1,chebyshev,majority,mutual_info,satimage-2
0.8806201550387597,0.44036245346069336,5,2-norm,inverse,relief,satimage-2
0.8806201550387597,0.6101484298706055,5,chebyshev,sheppard,mutual_info,satimage-2
0.8806201550387597,0.6113131046295166,1,chebyshev,inverse,mutual_info,satimage-2
0.8806201550387597,0.4528472423553467,5,2-norm,majority,relief,satimage-2
0.8806201550387597,0.6060869693756104,1,chebyshev,sheppard,mutual_info,satimage-2
0.8808049535603715,0.42914843559265137,3,2-norm,majority,relief,satimage-7
0.881619937694704,0.6260042190551758,1,chebyshev,sheppard,uniform,satimage-9
0.881619937694704,0.6127429008483887,1,chebyshev,inverse,uniform,satimage-9
0.881619937694704,0.6255843639373779,1,chebyshev,majority,uniform,satimage-9
0.8818040435458787,0.6331140995025635,5,chebyshev,inverse,mutual_info,satimage-0
0.8818040435458787,0.6514363288879395,5,chebyshev,sheppard,mutual_info,satimage-0
0.8818040435458787,0.43370509147644043,5,2-norm,inverse,relief,satimage-0
0.8818040435458787,0.4499342441558838,7,2-norm,majority,mutual_info,satimage-0
0.8818040435458787,0.4739859104156494,1,1-norm,majority,relief,satimage-8
0.8818040435458787,0.6077427864074707,3,chebyshev,sheppard,mutual_info,satimage-1
0.8818040435458787,0.6038732528686523,5,chebyshev,inverse,uniform,satimage-3
0.8818040435458787,0.4732840061187744,1,1-norm,sheppard,relief,satimage-8
0.8818040435458787,0.45661401748657227,1,1-norm,inverse,relief,satimage-8
0.8818040435458787,0.4268631935119629,7,2-norm,sheppard,mutual_info,satimage-0
0.8818040435458787,0.6208624839782715,7,chebyshev,majority,mutual_info,satimage-0
0.8818040435458787,0.6172449588775635,7,chebyshev,sheppard,mutual_info,satimage-0
0.8818040435458787,0.6120176315307617,3,chebyshev,majority,mutual_info,satimage-1
0.8818040435458787,0.6081221103668213,3,chebyshev,inverse,mutual_info,satimage-1
0.8821705426356589,0.4197256565093994,7,2-norm,majority,relief,satimage-5
0.8821705426356589,0.6148805618286133,7,chebyshev,sheppard,mutual_info,satimage-2
0.8821705426356589,0.6136014461517334,7,chebyshev,inverse,mutual_info,satimage-2
0.8821705426356589,0.6103389263153076,5,chebyshev,inverse,mutual_info,satimage-2
0.883177570093458,0.5688133239746094,7,chebyshev,majority,relief,satimage-4
0.8833592534992224,0.41797542572021484,1,2-norm,inverse,relief,satimage-0
0.8833592534992224,0.6083545684814453,5,chebyshev,majority,uniform,satimage-3
0.8833592534992224,0.7072441577911377,5,chebyshev,majority,mutual_info,satimage-6
0.8833592534992224,0.6173355579376221,1,chebyshev,majority,uniform,satimage-3
0.8833592534992224,0.6113333702087402,1,chebyshev,inverse,uniform,satimage-3
0.8833592534992224,0.41707706451416016,1,2-norm,majority,relief,satimage-0
0.8833592534992224,0.4145984649658203,1,2-norm,sheppard,relief,satimage-0
0.8833592534992224,0.4387855529785156,7,2-norm,inverse,mutual_info,satimage-0
0.8833592534992224,0.6239368915557861,1,chebyshev,sheppard,uniform,satimage-3
0.8833592534992224,0.417783260345459,5,2-norm,sheppard,relief,satimage-8
0.8833592534992224,0.4205899238586426,5,2-norm,inverse,relief,satimage-8
0.8833592534992224,0.6194503307342529,7,chebyshev,inverse,mutual_info,satimage-0
0.8833592534992224,0.6216423511505127,5,chebyshev,majority,mutual_info,satimage-3
0.8833592534992224,0.6143832206726074,1,chebyshev,majority,mutual_info,satimage-3
0.8833592534992224,0.4187145233154297,5,2-norm,majority,relief,satimage-8
0.8833592534992224,0.6269218921661377,3,chebyshev,majority,mutual_info,satimage-0
0.8833592534992224,0.922210693359375,1,2-norm,sheppard,relief,satimage-6
0.8833592534992224,0.4906344413757324,1,2-norm,inverse,relief,satimage-6
0.8833592534992224,0.4203667640686035,1,2-norm,majority,relief,satimage-6
0.8833592534992224,0.6253361701965332,1,chebyshev,sheppard,mutual_info,satimage-3
0.8833592534992224,0.6163249015808105,1,chebyshev,inverse,mutual_info,satimage-3
0.8833592534992224,0.6030220985412598,5,chebyshev,sheppard,uniform,satimage-3
0.8837209302325582,0.44084906578063965,3,2-norm,inverse,relief,satimage-2
0.8837209302325582,0.4205746650695801,7,2-norm,sheppard,relief,satimage-2
0.8837209302325582,0.4194037914276123,3,2-norm,sheppard,relief,satimage-2
0.8837209302325582,0.4187633991241455,7,2-norm,inverse,relief,satimage-2
0.8837209302325582,0.42264556884765625,7,2-norm,majority,relief,satimage-2
0.8837209302325582,0.6152496337890625,7,chebyshev,majority,mutual_info,satimage-2
0.8839009287925697,0.4245619773864746,1,2-norm,inverse,relief,satimage-7
0.8839009287925697,0.42507362365722656,1,2-norm,majority,relief,satimage-7
0.8839009287925697,0.9394042491912842,3,chebyshev,majority,mutual_info,satimage-7
0.8839009287925697,0.4224965572357178,1,2-norm,sheppard,relief,satimage-7
0.8849144634525661,0.7593779563903809,3,chebyshev,sheppard,mutual_info,satimage-6
0.8849144634525661,0.6674449443817139,1,chebyshev,inverse,uniform,satimage-6
0.8849144634525661,0.6197247505187988,3,chebyshev,majority,mutual_info,satimage-3
0.8849144634525661,0.7605016231536865,1,chebyshev,majority,uniform,satimage-6
0.8849144634525661,0.6350183486938477,5,chebyshev,sheppard,mutual_info,satimage-6
0.8849144634525661,0.7085244655609131,3,chebyshev,inverse,mutual_info,satimage-6
0.8849144634525661,0.6087453365325928,1,chebyshev,majority,mutual_info,satimage-1
0.8849144634525661,0.6083738803863525,1,chebyshev,inverse,mutual_info,satimage-1
0.8849144634525661,0.6091935634613037,1,chebyshev,sheppard,mutual_info,satimage-1
0.8849144634525661,0.4177579879760742,1,1-norm,majority,relief,satimage-3
0.8849144634525661,0.6280903816223145,3,chebyshev,majority,mutual_info,satimage-6
0.8849144634525661,0.412416934967041,1,1-norm,inverse,relief,satimage-3
0.8849144634525661,0.595134973526001,1,chebyshev,sheppard,uniform,satimage-6
0.8849144634525661,0.6740572452545166,5,chebyshev,inverse,mutual_info,satimage-6
0.8849144634525661,0.4134664535522461,1,1-norm,sheppard,relief,satimage-3
0.8852713178294573,0.4373917579650879,3,2-norm,majority,relief,satimage-2
0.8852713178294573,0.6468801498413086,7,chebyshev,majority,uniform,satimage-5
0.8864696734059098,0.41678500175476074,1,1-norm,majority,relief,satimage-0
0.8864696734059098,0.42234134674072266,7,2-norm,majority,relief,satimage-1
0.8864696734059098,0.41350507736206055,1,1-norm,inverse,relief,satimage-0
0.8864696734059098,0.6253190040588379,7,chebyshev,sheppard,mutual_info,satimage-3
0.8864696734059098,0.44063258171081543,3,2-norm,majority,relief,satimage-0
0.8864696734059098,0.6370701789855957,3,chebyshev,inverse,mutual_info,satimage-0
0.8864696734059098,0.6364011764526367,3,chebyshev,sheppard,mutual_info,satimage-0
0.8864696734059098,0.646357536315918,7,chebyshev,inverse,mutual_info,satimage-3
0.8864696734059098,0.4057338237762451,1,1-norm,sheppard,relief,satimage-0
0.8864696734059098,0.6157422065734863,3,chebyshev,majority,uniform,satimage-3
0.8864696734059098,0.6140971183776855,5,chebyshev,sheppard,mutual_info,satimage-3
0.8864696734059098,0.42144179344177246,5,1-norm,majority,relief,satimage-0
0.8864696734059098,0.42015647888183594,7,2-norm,majority,relief,satimage-8
0.8868217054263566,0.6338117122650146,7,chebyshev,sheppard,uniform,satimage-5
0.8868217054263566,0.6082167625427246,5,chebyshev,sheppard,uniform,satimage-5
0.8868217054263566,0.6091170310974121,5,chebyshev,inverse,uniform,satimage-5
0.8868217054263566,0.6226317882537842,7,chebyshev,inverse,uniform,satimage-5
0.8868217054263566,0.41513705253601074,1,1-norm,majority,relief,satimage-5
0.8868217054263566,0.4135570526123047,1,1-norm,inverse,relief,satimage-5
0.8868217054263566,0.4101698398590088,1,1-norm,sheppard,relief,satimage-5
0.8869969040247678,0.4305381774902344,3,2-norm,inverse,relief,satimage-7
0.8869969040247678,0.4241821765899658,3,2-norm,sheppard,relief,satimage-7
0.8878504672897196,0.6357762813568115,3,chebyshev,majority,mutual_info,satimage-9
0.8880248833592534,0.4323303699493408,7,2-norm,majority,uniform,satimage-0
0.8880248833592534,0.42524218559265137,7,2-norm,inverse,uniform,satimage-0
0.8880248833592534,0.6173453330993652,5,chebyshev,inverse,mutual_info,satimage-3
0.8880248833592534,0.42081499099731445,7,2-norm,inverse,relief,satimage-8
0.8880248833592534,0.44701504707336426,3,2-norm,sheppard,relief,satimage-0
0.8880248833592534,0.4170224666595459,7,2-norm,sheppard,relief,satimage-8
0.8880248833592534,0.4125082492828369,3,1-norm,inverse,relief,satimage-8
0.8880248833592534,0.4126279354095459,3,1-norm,sheppard,relief,satimage-8
0.8880248833592534,0.4770491123199463,7,2-norm,inverse,relief,satimage-1
0.8880248833592534,0.610248327255249,7,chebyshev,majority,mutual_info,satimage-1
0.8880248833592534,0.45014166831970215,3,2-norm,inverse,relief,satimage-0
0.8880248833592534,0.6203289031982422,5,chebyshev,sheppard,mutual_info,satimage-1
0.8880248833592534,0.4353945255279541,5,2-norm,inverse,mutual_info,satimage-0
0.8880248833592534,0.4305880069732666,5,2-norm,sheppard,mutual_info,satimage-0
0.8880248833592534,0.6119036674499512,5,chebyshev,inverse,mutual_info,satimage-1
0.8880248833592534,0.42330145835876465,5,2-norm,inverse,relief,satimage-1
0.8880248833592534,0.42264533042907715,7,2-norm,sheppard,uniform,satimage-0
0.8883720930232558,0.6123640537261963,5,chebyshev,majority,uniform,satimage-5
0.8894080996884736,0.623396635055542,1,chebyshev,inverse,mutual_info,satimage-4
0.8894080996884736,0.6166796684265137,1,chebyshev,majority,mutual_info,satimage-4
0.8894080996884736,0.6028521060943604,1,chebyshev,sheppard,mutual_info,satimage-4
0.8894080996884736,0.569509744644165,7,chebyshev,inverse,relief,satimage-4
0.8894080996884736,0.7365334033966064,1,chebyshev,majority,mutual_info,satimage-9
0.8894080996884736,0.6701035499572754,1,chebyshev,inverse,mutual_info,satimage-9
0.8894080996884736,0.6168136596679688,1,chebyshev,sheppard,mutual_info,satimage-9
0.8894080996884736,0.568566083908081,7,chebyshev,sheppard,relief,satimage-4
0.8895800933125972,0.4169881343841553,3,2-norm,sheppard,relief,satimage-3
0.8895800933125972,0.41996002197265625,3,2-norm,inverse,relief,satimage-3
0.8895800933125972,0.6093540191650391,7,chebyshev,inverse,mutual_info,satimage-1
0.8895800933125972,0.5024764537811279,3,2-norm,sheppard,relief,satimage-1
0.8895800933125972,0.46649765968322754,3,2-norm,inverse,relief,satimage-1
0.8895800933125972,0.6105368137359619,7,chebyshev,sheppard,mutual_info,satimage-1
0.8895800933125972,0.6038713455200195,7,chebyshev,sheppard,uniform,satimage-6
0.8895800933125972,0.42800164222717285,7,2-norm,sheppard,relief,satimage-1
0.8895800933125972,0.41617369651794434,3,1-norm,majority,relief,satimage-8
0.8895800933125972,0.6606652736663818,1,chebyshev,sheppard,mutual_info,satimage-6
0.8895800933125972,0.645150899887085,1,chebyshev,inverse,mutual_info,satimage-6
0.8895800933125972,0.6315453052520752,1,chebyshev,majority,mutual_info,satimage-6
0.8895800933125972,0.6255440711975098,5,chebyshev,majority,mutual_info,satimage-1
0.8895800933125972,0.703253984451294,7,chebyshev,majority,mutual_info,satimage-3
0.889922480620155,0.4310882091522217,1,2-norm,sheppard,mutual_info,satimage-5
0.889922480620155,0.4198648929595947,7,2-norm,majority,mutual_info,satimage-2
0.889922480620155,0.4188215732574463,1,2-norm,majority,mutual_info,satimage-5
0.889922480620155,0.4398777484893799,7,2-norm,majority,uniform,satimage-2
0.889922480620155,0.42518186569213867,1,2-norm,inverse,mutual_info,satimage-5
0.8900928792569659,0.6214990615844727,5,chebyshev,majority,mutual_info,satimage-7
0.8900928792569659,0.46356916427612305,5,2-norm,majority,relief,satimage-7
0.8911353032659409,0.4613325595855713,1,2-norm,majority,uniform,satimage-8
0.8911353032659409,0.6140034198760986,3,chebyshev,sheppard,mutual_info,satimage-3
0.8911353032659409,0.44550371170043945,1,1-norm,majority,relief,satimage-1
0.8911353032659409,0.6003658771514893,1,chebyshev,sheppard,uniform,satimage-1
0.8911353032659409,0.6012997627258301,1,chebyshev,inverse,uniform,satimage-1
0.8911353032659409,0.6090426445007324,1,chebyshev,majority,uniform,satimage-1
0.8911353032659409,0.43547916412353516,1,1-norm,sheppard,relief,satimage-1
0.8911353032659409,0.4219224452972412,3,2-norm,majority,relief,satimage-3
0.8911353032659409,0.6215505599975586,3,chebyshev,sheppard,uniform,satimage-3
0.8911353032659409,0.6248493194580078,3,chebyshev,inverse,uniform,satimage-3
0.8911353032659409,0.43120789527893066,1,1-norm,inverse,relief,satimage-1
0.8911353032659409,0.45313382148742676,1,2-norm,sheppard,uniform,satimage-8
0.8911353032659409,0.4342494010925293,1,2-norm,inverse,uniform,satimage-8
0.8911353032659409,0.6687915325164795,5,chebyshev,sheppard,uniform,satimage-6
0.8911353032659409,0.4816410541534424,3,2-norm,majority,relief,satimage-1
0.8911353032659409,0.41941308975219727,7,1-norm,majority,relief,satimage-0
0.8911353032659409,0.6171088218688965,3,chebyshev,inverse,mutual_info,satimage-3
0.8911353032659409,0.4325449466705322,5,2-norm,majority,mutual_info,satimage-0
0.8911353032659409,0.4231393337249756,7,2-norm,majority,relief,satimage-6
0.8914728682170543,0.42952394485473633,7,2-norm,sheppard,uniform,satimage-2
0.8914728682170543,0.45227861404418945,7,2-norm,inverse,uniform,satimage-2
0.891640866873065,0.6105539798736572,7,chebyshev,majority,uniform,satimage-7
0.8926905132192846,0.6007571220397949,3,chebyshev,majority,uniform,satimage-6
0.8926905132192846,0.43268442153930664,5,1-norm,sheppard,relief,satimage-0
0.8926905132192846,0.4446122646331787,3,2-norm,inverse,relief,satimage-6
0.8926905132192846,0.441453218460083,5,1-norm,inverse,relief,satimage-0
0.8926905132192846,0.6629981994628906,5,chebyshev,majority,uniform,satimage-6
0.8926905132192846,0.42701029777526855,5,2-norm,sheppard,relief,satimage-1
0.8926905132192846,0.6141622066497803,7,chebyshev,inverse,uniform,satimage-6
0.8926905132192846,0.9763598442077637,5,chebyshev,inverse,uniform,satimage-6
0.8926905132192846,0.4325706958770752,3,2-norm,sheppard,mutual_info,satimage-0
0.8926905132192846,0.42129063606262207,3,2-norm,sheppard,relief,satimage-6
0.8926905132192846,0.4377412796020508,3,2-norm,inverse,mutual_info,satimage-0
0.8930232558139535,0.42192792892456055,5,1-norm,inverse,relief,satimage-5
0.8930232558139535,0.4281485080718994,5,1-norm,majority,relief,satimage-5
0.8931888544891641,0.6438615322113037,1,chebyshev,majority,uniform,satimage-7
0.8931888544891641,0.609968900680542,1,chebyshev,sheppard,uniform,satimage-7
0.8931888544891641,0.45986032485961914,5,2-norm,inverse,relief,satimage-7
0.8931888544891641,0.62652587890625,1,chebyshev,inverse,uniform,satimage-7
0.8931888544891641,0.6470286846160889,7,chebyshev,inverse,uniform,satimage-7
0.8931888544891641,0.6505129337310791,7,chebyshev,sheppard,uniform,satimage-7
0.8942457231726283,0.4438924789428711,5,2-norm,majority,relief,satimage-1
0.8942457231726283,0.48854851722717285,5,2-norm,sheppard,relief,satimage-6
0.8942457231726283,0.5101995468139648,5,2-norm,inverse,relief,satimage-6
0.8942457231726283,0.678842306137085,5,2-norm,majority,relief,satimage-6
0.8942457231726283,0.42011284828186035,1,1-norm,majority,mutual_info,satimage-3
0.8942457231726283,0.4204421043395996,1,1-norm,inverse,mutual_info,satimage-3
0.8942457231726283,0.4172022342681885,1,1-norm,sheppard,mutual_info,satimage-3
0.8942457231726283,0.431318998336792,7,1-norm,majority,mutual_info,satimage-0
0.8942457231726283,0.437211275100708,3,1-norm,majority,mutual_info,satimage-0
0.8942457231726283,0.4383668899536133,7,1-norm,sheppard,relief,satimage-0
0.8942457231726283,0.45549726486206055,3,2-norm,majority,relief,satimage-6
0.8942457231726283,0.41249918937683105,5,1-norm,majority,relief,satimage-8
0.8942457231726283,0.4404635429382324,3,2-norm,majority,mutual_info,satimage-0
0.8942457231726283,0.439194917678833,5,2-norm,inverse,uniform,satimage-0
0.8942457231726283,0.41463375091552734,5,1-norm,inverse,relief,satimage-8
0.8942457231726283,0.4113457202911377,5,1-norm,sheppard,relief,satimage-8
0.8942457231726283,0.6144967079162598,7,chebyshev,majority,uniform,satimage-6
0.8942457231726283,0.42838263511657715,5,2-norm,sheppard,uniform,satimage-0
0.8945736434108527,0.41961216926574707,5,2-norm,inverse,mutual_info,satimage-2
0.8945736434108527,0.41512107849121094,7,1-norm,inverse,relief,satimage-5
0.8945736434108527,0.4174518585205078,5,2-norm,sheppard,mutual_info,satimage-2
0.8945736434108527,0.4142916202545166,5,1-norm,sheppard,relief,satimage-5
0.8945736434108527,0.41982412338256836,7,2-norm,inverse,mutual_info,satimage-2
0.8945736434108527,0.4322800636291504,5,1-norm,sheppard,relief,satimage-2
0.8945736434108527,0.41727495193481445,7,2-norm,sheppard,mutual_info,satimage-2
0.8947368421052632,0.6924459934234619,3,chebyshev,sheppard,mutual_info,satimage-7
0.8947368421052632,0.4768555164337158,5,2-norm,sheppard,relief,satimage-7
0.8947368421052632,0.6197657585144043,3,chebyshev,inverse,mutual_info,satimage-7
0.8956386292834891,0.6313998699188232,3,chebyshev,inverse,mutual_info,satimage-9
0.8956386292834891,0.904766321182251,7,1-norm,inverse,relief,satimage-9
0.8956386292834891,0.4844796657562256,7,1-norm,sheppard,relief,satimage-9
0.8956386292834891,0.6217658519744873,3,chebyshev,majority,uniform,satimage-9
0.8956386292834891,0.6094338893890381,3,chebyshev,sheppard,mutual_info,satimage-9
0.895800933125972,0.42038464546203613,7,1-norm,majority,uniform,satimage-0
0.895800933125972,0.6391122341156006,5,chebyshev,inverse,uniform,satimage-1
0.895800933125972,0.42621707916259766,7,1-norm,inverse,uniform,satimage-0
0.895800933125972,0.42592692375183105,5,2-norm,sheppard,relief,satimage-3
0.895800933125972,0.4288790225982666,5,2-norm,majority,uniform,satimage-0
0.895800933125972,0.5989148616790771,3,chebyshev,inverse,uniform,satimage-6
0.895800933125972,0.607419490814209,5,chebyshev,sheppard,uniform,satimage-1
0.895800933125972,0.4235811233520508,1,1-norm,sheppard,uniform,satimage-3
0.895800933125972,0.594599723815918,3,chebyshev,sheppard,uniform,satimage-6
0.895800933125972,0.4240899085998535,1,1-norm,inverse,uniform,satimage-3
0.895800933125972,0.42412638664245605,1,1-norm,majority,uniform,satimage-3
0.896124031007752,0.41476011276245117,7,1-norm,majority,relief,satimage-5
0.896124031007752,0.4381253719329834,3,1-norm,sheppard,relief,satimage-2
0.896124031007752,0.44129228591918945,3,1-norm,inverse,relief,satimage-2
0.896124031007752,0.4254493713378906,5,1-norm,majority,relief,satimage-2
0.896124031007752,0.4842667579650879,5,1-norm,inverse,relief,satimage-2
0.896124031007752,0.4141719341278076,7,1-norm,sheppard,relief,satimage-5
0.896124031007752,0.41480159759521484,1,1-norm,sheppard,relief,satimage-2
0.896124031007752,0.4160764217376709,7,1-norm,majority,relief,satimage-2
0.896124031007752,0.425356388092041,3,2-norm,majority,mutual_info,satimage-5
0.896124031007752,0.41762423515319824,5,2-norm,majority,mutual_info,satimage-2
0.896124031007752,0.43880653381347656,1,1-norm,inverse,relief,satimage-2
0.896124031007752,0.8212358951568604,1,1-norm,majority,relief,satimage-2
0.8962848297213623,0.41925692558288574,1,1-norm,sheppard,relief,satimage-7
0.8962848297213623,0.42011070251464844,1,1-norm,inverse,relief,satimage-7
0.8962848297213623,0.44509196281433105,1,2-norm,sheppard,uniform,satimage-7
0.8962848297213623,0.42043042182922363,1,1-norm,majority,relief,satimage-7
0.8962848297213623,0.47794365882873535,1,2-norm,inverse,uniform,satimage-7
0.8962848297213623,0.4259805679321289,1,2-norm,majority,uniform,satimage-7
0.897196261682243,0.6368260383605957,3,chebyshev,inverse,uniform,satimage-9
0.897196261682243,0.6149885654449463,3,chebyshev,sheppard,uniform,satimage-9
0.897196261682243,0.6353611946105957,7,chebyshev,majority,uniform,satimage-9
0.8973561430793157,0.4472355842590332,7,1-norm,inverse,relief,satimage-0
0.8973561430793157,0.4317007064819336,1,2-norm,majority,uniform,satimage-0
0.8973561430793157,0.4591679573059082,5,1-norm,sheppard,uniform,satimage-0
0.8973561430793157,0.4771547317504883,5,1-norm,majority,uniform,satimage-0
0.8973561430793157,0.4244511127471924,1,2-norm,inverse,uniform,satimage-0
0.8973561430793157,0.4294140338897705,1,2-norm,sheppard,uniform,satimage-0
0.8973561430793157,0.4191272258758545,7,2-norm,majority,mutual_info,satimage-8
0.8973561430793157,0.5104191303253174,5,1-norm,majority,mutual_info,satimage-8
0.8973561430793157,0.42275118827819824,7,2-norm,sheppard,mutual_info,satimage-8
0.8973561430793157,0.45347094535827637,5,1-norm,sheppard,mutual_info,satimage-8
0.8973561430793157,0.5254983901977539,7,2-norm,sheppard,uniform,satimage-8
0.8973561430793157,0.4214818477630615,7,2-norm,sheppard,relief,satimage-6
0.8973561430793157,0.4236304759979248,7,2-norm,inverse,relief,satimage-6
0.8973561430793157,0.6194555759429932,7,chebyshev,sheppard,uniform,satimage-1
0.8973561430793157,0.6387310028076172,7,chebyshev,inverse,uniform,satimage-1
0.8973561430793157,0.4323112964630127,7,2-norm,inverse,relief,satimage-3
0.8973561430793157,0.44109630584716797,3,1-norm,sheppard,mutual_info,satimage-0
0.8973561430793157,0.42042040824890137,3,1-norm,inverse,mutual_info,satimage-0
0.8973561430793157,0.4242820739746094,1,2-norm,sheppard,mutual_info,satimage-0
0.8973561430793157,0.42597103118896484,1,2-norm,inverse,mutual_info,satimage-0
0.8973561430793157,0.48416662216186523,1,2-norm,majority,mutual_info,satimage-0
0.8973561430793157,0.423572301864624,7,2-norm,sheppard,relief,satimage-3
0.8973561430793157,0.5015232563018799,5,1-norm,inverse,mutual_info,satimage-8
0.8973561430793157,0.4136960506439209,7,1-norm,majority,relief,satimage-8
0.8973561430793157,0.41187286376953125,7,1-norm,sheppard,relief,satimage-8
0.8976744186046511,0.46967482566833496,1,2-norm,majority,uniform,satimage-5
0.8976744186046511,0.42481136322021484,5,2-norm,inverse,uniform,satimage-5
0.8976744186046511,0.42331647872924805,5,2-norm,sheppard,uniform,satimage-5
0.8976744186046511,0.42122983932495117,3,2-norm,inverse,mutual_info,satimage-5
0.8976744186046511,0.415438175201416,3,2-norm,sheppard,mutual_info,satimage-5
0.8976744186046511,0.4606893062591553,1,2-norm,inverse,uniform,satimage-5
0.8976744186046511,0.4169609546661377,7,1-norm,sheppard,relief,satimage-2
0.8976744186046511,0.41877031326293945,3,2-norm,inverse,mutual_info,satimage-2
0.8976744186046511,0.4160726070404053,3,2-norm,sheppard,mutual_info,satimage-2
0.8976744186046511,0.5063126087188721,1,2-norm,sheppard,uniform,satimage-5
0.8978328173374613,0.4244818687438965,3,1-norm,inverse,relief,satimage-7
0.8978328173374613,0.4206726551055908,3,1-norm,sheppard,relief,satimage-7
0.8987538940809969,0.597527265548706,1,chebyshev,majority,uniform,satimage-4
0.8987538940809969,0.5955283641815186,1,chebyshev,inverse,uniform,satimage-4
0.8987538940809969,0.4576456546783447,7,1-norm,majority,relief,satimage-9
0.8987538940809969,0.5926506519317627,1,chebyshev,sheppard,uniform,satimage-4
0.8989113530326595,0.48932337760925293,5,1-norm,inverse,uniform,satimage-0
0.8989113530326595,0.606652021408081,3,chebyshev,sheppard,uniform,satimage-1
0.8989113530326595,0.4370429515838623,5,1-norm,majority,uniform,satimage-8
0.8989113530326595,0.45260047912597656,7,1-norm,majority,uniform,satimage-8
0.8989113530326595,0.42093467712402344,7,1-norm,sheppard,uniform,satimage-0
0.8989113530326595,0.4277331829071045,1,2-norm,sheppard,uniform,satimage-3
0.8989113530326595,0.4380764961242676,7,1-norm,inverse,mutual_info,satimage-0
0.8989113530326595,0.42716431617736816,1,2-norm,majority,uniform,satimage-3
0.8989113530326595,0.44208240509033203,1,2-norm,inverse,uniform,satimage-3
0.8989113530326595,0.4300379753112793,5,2-norm,inverse,relief,satimage-3
0.8989113530326595,0.42957496643066406,7,2-norm,inverse,uniform,satimage-8
0.8989113530326595,0.41431570053100586,7,1-norm,inverse,relief,satimage-8
0.8989113530326595,0.44219017028808594,7,1-norm,sheppard,mutual_info,satimage-0
0.8989113530326595,0.4198639392852783,7,1-norm,majority,relief,satimage-1
0.8989113530326595,0.44347667694091797,3,2-norm,majority,uniform,satimage-0
0.8989113530326595,0.6223423480987549,7,chebyshev,majority,uniform,satimage-1
0.8989113530326595,0.6436443328857422,3,chebyshev,inverse,uniform,satimage-1
0.8989113530326595,0.6180398464202881,5,chebyshev,majority,uniform,satimage-1
0.8989113530326595,0.4785158634185791,7,2-norm,inverse,mutual_info,satimage-8
0.8992248062015504,0.4306375980377197,3,1-norm,sheppard,mutual_info,satimage-5
0.8992248062015504,0.41563892364501953,7,1-norm,inverse,relief,satimage-2
0.8992248062015504,0.4226686954498291,7,1-norm,majority,mutual_info,satimage-2
0.8992248062015504,0.42446470260620117,5,2-norm,majority,uniform,satimage-5
0.8992248062015504,0.4177842140197754,3,1-norm,inverse,mutual_info,satimage-5
0.8993808049535603,0.6145336627960205,5,chebyshev,sheppard,mutual_info,satimage-7
0.8993808049535603,0.6506814956665039,7,chebyshev,sheppard,mutual_info,satimage-7
0.8993808049535603,0.6190121173858643,5,chebyshev,inverse,mutual_info,satimage-7
0.8993808049535603,0.6372387409210205,7,chebyshev,inverse,mutual_info,satimage-7
0.9003115264797508,0.6964290142059326,7,chebyshev,sheppard,uniform,satimage-9
0.9003115264797508,0.7058565616607666,5,chebyshev,majority,uniform,satimage-9
0.9003115264797508,0.451251745223999,1,1-norm,majority,relief,satimage-9
0.9003115264797508,0.742495059967041,1,1-norm,inverse,relief,satimage-9
0.9003115264797508,0.4160630702972412,7,1-norm,majority,mutual_info,satimage-9
0.9003115264797508,0.42777013778686523,7,1-norm,majority,uniform,satimage-9
0.9003115264797508,0.6030535697937012,7,2-norm,sheppard,relief,satimage-9
0.9003115264797508,0.6645622253417969,1,1-norm,sheppard,relief,satimage-9
0.9003115264797508,0.6327619552612305,7,2-norm,inverse,relief,satimage-9
0.9003115264797508,0.624495267868042,5,chebyshev,majority,uniform,satimage-4
0.9004665629860031,0.43533825874328613,3,2-norm,sheppard,uniform,satimage-0
0.9004665629860031,0.43267393112182617,7,2-norm,majority,uniform,satimage-8
0.9004665629860031,0.45020174980163574,5,1-norm,inverse,uniform,satimage-8
0.9004665629860031,0.4415924549102783,7,1-norm,inverse,uniform,satimage-8
0.9004665629860031,0.4299499988555908,5,2-norm,majority,relief,satimage-3
0.9004665629860031,0.41463422775268555,7,1-norm,sheppard,relief,satimage-6
0.9004665629860031,0.41642022132873535,3,1-norm,majority,relief,satimage-3
0.9004665629860031,0.41715240478515625,3,1-norm,sheppard,relief,satimage-3
0.9004665629860031,0.4168076515197754,3,1-norm,inverse,relief,satimage-3
0.9004665629860031,0.41925477981567383,3,1-norm,majority,uniform,satimage-0
0.9004665629860031,0.45268726348876953,3,2-norm,inverse,uniform,satimage-0
0.9007751937984496,0.4507737159729004,3,1-norm,majority,relief,satimage-2
0.9007751937984496,0.43355393409729004,5,2-norm,majority,uniform,satimage-2
0.9007751937984496,0.4251668453216553,7,1-norm,majority,uniform,satimage-2
0.9007751937984496,0.4172952175140381,3,2-norm,majority,mutual_info,satimage-2
0.9009287925696594,0.4392688274383545,5,1-norm,inverse,relief,satimage-7
0.9009287925696594,0.4244978427886963,5,1-norm,majority,relief,satimage-7
0.9009287925696594,0.44564270973205566,5,1-norm,sheppard,relief,satimage-7
0.9009287925696594,0.42185378074645996,3,1-norm,majority,relief,satimage-7
0.9009287925696594,0.4251823425292969,1,2-norm,sheppard,mutual_info,satimage-7
0.9009287925696594,0.5885226726531982,7,2-norm,sheppard,relief,satimage-7
0.9009287925696594,0.4297053813934326,1,2-norm,inverse,mutual_info,satimage-7
0.9009287925696594,0.6392724514007568,7,chebyshev,majority,mutual_info,satimage-7
0.9009287925696594,0.45584845542907715,1,2-norm,majority,mutual_info,satimage-7
0.9009287925696594,0.5537986755371094,7,2-norm,inverse,relief,satimage-7
0.9009287925696594,0.5876941680908203,7,2-norm,majority,relief,satimage-7
0.9018691588785047,0.41615962982177734,7,1-norm,inverse,mutual_info,satimage-9
0.9018691588785047,0.4180431365966797,7,1-norm,sheppard,mutual_info,satimage-9
0.9018691588785047,0.6912076473236084,7,chebyshev,inverse,uniform,satimage-9
0.9018691588785047,0.5041546821594238,1,2-norm,majority,relief,satimage-4
0.9018691588785047,0.5315117835998535,1,2-norm,inverse,relief,satimage-4
0.9018691588785047,0.4289517402648926,7,1-norm,sheppard,uniform,satimage-9
0.9018691588785047,0.45572733879089355,3,2-norm,majority,mutual_info,satimage-9
0.9018691588785047,0.6353034973144531,5,chebyshev,sheppard,uniform,satimage-9
0.9018691588785047,0.449474573135376,5,2-norm,sheppard,relief,satimage-9
0.9018691588785047,0.6387543678283691,5,chebyshev,inverse,uniform,satimage-9
0.9018691588785047,0.43623805046081543,7,1-norm,inverse,uniform,satimage-9
0.9018691588785047,0.44112396240234375,5,2-norm,majority,uniform,satimage-9
0.9018691588785047,0.5326089859008789,5,2-norm,majority,relief,satimage-9
0.9018691588785047,0.43070244789123535,1,2-norm,sheppard,relief,satimage-4
0.9018691588785047,0.4748704433441162,5,2-norm,inverse,relief,satimage-9
0.9020217729393468,0.6921055316925049,3,chebyshev,majority,uniform,satimage-1
0.9020217729393468,0.4184277057647705,7,1-norm,sheppard,relief,satimage-1
0.9020217729393468,0.4217050075531006,3,1-norm,sheppard,uniform,satimage-0
0.9020217729393468,0.4200420379638672,3,1-norm,inverse,uniform,satimage-0
0.9020217729393468,0.43246960639953613,1,1-norm,majority,mutual_info,satimage-8
0.9020217729393468,0.41805052757263184,1,1-norm,inverse,mutual_info,satimage-8
0.9020217729393468,0.42554497718811035,5,1-norm,sheppard,uniform,satimage-8
0.9020217729393468,0.4303750991821289,7,1-norm,sheppard,uniform,satimage-8
0.9020217729393468,0.4192337989807129,7,1-norm,inverse,relief,satimage-6
0.9020217729393468,0.4142951965332031,1,1-norm,sheppard,mutual_info,satimage-8
0.9020217729393468,0.42027997970581055,1,2-norm,majority,mutual_info,satimage-8
0.9020217729393468,0.4329416751861572,3,2-norm,inverse,uniform,satimage-8
0.9020217729393468,0.420245885848999,1,2-norm,inverse,mutual_info,satimage-8
0.9020217729393468,0.41694021224975586,1,2-norm,sheppard,mutual_info,satimage-8
0.9020217729393468,0.4252779483795166,3,1-norm,inverse,uniform,satimage-8
0.9020217729393468,0.4302408695220947,3,2-norm,sheppard,uniform,satimage-8
0.9023255813953488,0.41601014137268066,1,2-norm,inverse,mutual_info,satimage-2
0.9023255813953488,0.42098164558410645,1,2-norm,majority,mutual_info,satimage-2
0.9023255813953488,0.4138047695159912,1,2-norm,sheppard,mutual_info,satimage-2
0.9023255813953488,0.43573594093322754,7,1-norm,inverse,mutual_info,satimage-2
0.9023255813953488,0.4267761707305908,7,1-norm,sheppard,mutual_info,satimage-2
0.9023255813953488,0.4241600036621094,1,1-norm,majority,uniform,satimage-5
0.9023255813953488,0.42314791679382324,1,1-norm,inverse,uniform,satimage-5
0.9023255813953488,0.42666125297546387,1,1-norm,sheppard,uniform,satimage-5
0.9023255813953488,0.44717907905578613,5,2-norm,inverse,uniform,satimage-2
0.9023255813953488,0.4180762767791748,1,1-norm,majority,mutual_info,satimage-5
0.9023255813953488,0.4115273952484131,3,1-norm,majority,mutual_info,satimage-5
0.9023255813953488,0.4256298542022705,7,1-norm,sheppard,uniform,satimage-2
0.9023255813953488,0.4275515079498291,7,1-norm,inverse,uniform,satimage-2
0.9023255813953488,0.42579174041748047,3,2-norm,inverse,uniform,satimage-5
0.9023255813953488,0.43727874755859375,3,2-norm,sheppard,uniform,satimage-5
0.9023255813953488,0.4579885005950928,5,2-norm,sheppard,uniform,satimage-2
0.9023255813953488,0.41284894943237305,1,1-norm,inverse,mutual_info,satimage-5
0.9023255813953488,0.41055870056152344,1,1-norm,sheppard,mutual_info,satimage-5
0.9034267912772586,0.4919402599334717,3,1-norm,inverse,relief,satimage-9
0.9034267912772586,0.4261295795440674,3,1-norm,sheppard,relief,satimage-9
0.9034267912772586,0.6405165195465088,3,chebyshev,inverse,mutual_info,satimage-4
0.9034267912772586,0.4514312744140625,5,1-norm,sheppard,relief,satimage-9
0.9034267912772586,0.4306650161743164,3,2-norm,majority,uniform,satimage-9
0.9034267912772586,0.5978372097015381,5,chebyshev,sheppard,uniform,satimage-4
0.9034267912772586,0.47832751274108887,3,1-norm,majority,relief,satimage-9
0.9034267912772586,0.6182761192321777,7,chebyshev,inverse,mutual_info,satimage-4
0.9034267912772586,0.47898292541503906,5,1-norm,inverse,relief,satimage-9
0.9034267912772586,0.6624305248260498,3,chebyshev,sheppard,mutual_info,satimage-4
0.9034267912772586,0.6094088554382324,7,chebyshev,majority,mutual_info,satimage-9
0.9034267912772586,0.6735942363739014,7,2-norm,majority,relief,satimage-9
0.9035769828926905,0.42072558403015137,5,1-norm,sheppard,relief,satimage-3
0.9035769828926905,0.4176499843597412,5,1-norm,majority,relief,satimage-3
0.9035769828926905,0.42058753967285156,7,1-norm,inverse,relief,satimage-1
0.9035769828926905,0.42296504974365234,7,1-norm,inverse,relief,satimage-3
0.9035769828926905,0.42958712577819824,7,1-norm,majority,relief,satimage-6
0.9035769828926905,0.5165321826934814,5,1-norm,inverse,relief,satimage-6
0.9035769828926905,0.41399550437927246,1,1-norm,inverse,relief,satimage-6
0.9035769828926905,0.4113640785217285,1,1-norm,sheppard,relief,satimage-6
0.9035769828926905,0.41929054260253906,7,1-norm,sheppard,relief,satimage-3
0.9035769828926905,0.41824936866760254,3,1-norm,majority,relief,satimage-6
0.9035769828926905,0.42696523666381836,7,2-norm,majority,relief,satimage-3
0.9035769828926905,0.4945995807647705,5,1-norm,majority,relief,satimage-6
0.9035769828926905,0.414400577545166,1,1-norm,majority,relief,satimage-6
0.9035769828926905,0.5373947620391846,5,1-norm,sheppard,relief,satimage-6
0.9035769828926905,0.5082077980041504,1,1-norm,majority,uniform,satimage-0
0.9035769828926905,0.416827917098999,3,1-norm,sheppard,mutual_info,satimage-8
0.9035769828926905,0.7721714973449707,1,1-norm,sheppard,uniform,satimage-0
0.9035769828926905,0.4293808937072754,3,1-norm,majority,uniform,satimage-8
0.9035769828926905,0.4148142337799072,3,1-norm,inverse,mutual_info,satimage-8
0.9035769828926905,0.4330410957336426,3,2-norm,majority,uniform,satimage-8
0.9035769828926905,0.4269566535949707,3,1-norm,sheppard,uniform,satimage-8
0.9035769828926905,0.43329358100891113,5,1-norm,sheppard,mutual_info,satimage-0
0.9035769828926905,0.4271681308746338,5,1-norm,inverse,mutual_info,satimage-0
0.9035769828926905,0.4565119743347168,1,1-norm,inverse,uniform,satimage-0
0.9038759689922481,0.42281031608581543,3,1-norm,majority,uniform,satimage-5
0.9038759689922481,0.4563584327697754,3,1-norm,sheppard,uniform,satimage-5
0.9038759689922481,0.503432035446167,3,1-norm,inverse,uniform,satimage-5
0.9040247678018576,0.44561195373535156,3,1-norm,majority,uniform,satimage-7
0.9040247678018576,0.6494786739349365,3,chebyshev,majority,uniform,satimage-7
0.9040247678018576,0.4839448928833008,5,2-norm,majority,mutual_info,satimage-7
0.9040247678018576,0.42638206481933594,3,1-norm,majority,mutual_info,satimage-7
0.9049844236760125,0.43253326416015625,5,2-norm,sheppard,uniform,satimage-9
0.9049844236760125,0.6041579246520996,7,chebyshev,sheppard,mutual_info,satimage-4
0.9049844236760125,0.6001617908477783,3,chebyshev,majority,uniform,satimage-4
0.9049844236760125,0.42889881134033203,3,1-norm,majority,uniform,satimage-9
0.9049844236760125,0.4885265827178955,3,2-norm,sheppard,relief,satimage-9
0.9049844236760125,0.500309944152832,3,2-norm,inverse,relief,satimage-9
0.9049844236760125,0.4404580593109131,3,2-norm,inverse,uniform,satimage-9
0.9049844236760125,0.4336268901824951,3,2-norm,majority,relief,satimage-9
0.9049844236760125,0.4183511734008789,3,2-norm,sheppard,uniform,satimage-9
0.9049844236760125,0.44510531425476074,3,2-norm,sheppard,mutual_info,satimage-9
0.9049844236760125,0.6181507110595703,5,chebyshev,inverse,uniform,satimage-4
0.9049844236760125,0.4391932487487793,7,2-norm,majority,uniform,satimage-9
0.9049844236760125,0.433687686920166,5,1-norm,majority,relief,satimage-9
0.9049844236760125,0.4779634475708008,3,2-norm,inverse,mutual_info,satimage-9
0.9049844236760125,0.6088550090789795,7,chebyshev,sheppard,mutual_info,satimage-9
0.9051321928460342,0.4474062919616699,1,1-norm,sheppard,uniform,satimage-8
0.9051321928460342,0.4152843952178955,5,1-norm,inverse,relief,satimage-3
0.9051321928460342,0.43853020668029785,5,2-norm,majority,uniform,satimage-8
0.9051321928460342,0.5863533020019531,5,1-norm,majority,relief,satimage-1
0.9051321928460342,0.43500328063964844,5,2-norm,inverse,uniform,satimage-8
0.9051321928460342,0.41312575340270996,1,2-norm,sheppard,mutual_info,satimage-1
0.9051321928460342,0.42726731300354004,1,1-norm,majority,uniform,satimage-8
0.9051321928460342,0.43674492835998535,3,1-norm,majority,relief,satimage-1
0.9051321928460342,0.4252128601074219,5,2-norm,sheppard,uniform,satimage-3
0.9051321928460342,0.4300558567047119,5,2-norm,inverse,uniform,satimage-3
0.9051321928460342,0.4159815311431885,1,2-norm,majority,mutual_info,satimage-1
0.9051321928460342,0.43822574615478516,3,1-norm,majority,relief,satimage-0
0.9051321928460342,0.4538307189941406,5,2-norm,sheppard,uniform,satimage-8
0.9051321928460342,0.42896151542663574,5,1-norm,majority,mutual_info,satimage-0
0.9051321928460342,0.43575358390808105,1,1-norm,inverse,uniform,satimage-8
0.9051321928460342,0.41939425468444824,1,2-norm,inverse,mutual_info,satimage-1
0.9051321928460342,0.44042038917541504,3,1-norm,sheppard,relief,satimage-1
0.9051321928460342,0.41439175605773926,7,1-norm,majority,mutual_info,satimage-8
0.9054263565891473,0.41300368309020996,7,1-norm,sheppard,mutual_info,satimage-5
0.9054263565891473,0.4138600826263428,3,1-norm,majority,relief,satimage-5
0.9054263565891473,0.4192330837249756,5,2-norm,sheppard,mutual_info,satimage-5
0.9054263565891473,0.4199635982513428,5,2-norm,inverse,mutual_info,satimage-5
0.9054263565891473,0.41926050186157227,3,1-norm,inverse,relief,satimage-5
0.9054263565891473,0.44196367263793945,1,2-norm,sheppard,uniform,satimage-2
0.9054263565891473,0.4349048137664795,1,2-norm,inverse,uniform,satimage-2
0.9054263565891473,0.43004560470581055,7,2-norm,sheppard,uniform,satimage-5
0.9054263565891473,0.42528796195983887,7,2-norm,inverse,uniform,satimage-5
0.9054263565891473,0.4224069118499756,7,2-norm,majority,uniform,satimage-5
0.9054263565891473,0.41948676109313965,7,1-norm,majority,uniform,satimage-5
0.9054263565891473,0.4326658248901367,1,2-norm,majority,uniform,satimage-2
0.9054263565891473,0.4145817756652832,7,1-norm,inverse,mutual_info,satimage-5
0.9055727554179567,0.43038249015808105,5,2-norm,inverse,mutual_info,satimage-7
0.9055727554179567,0.4205162525177002,3,1-norm,inverse,mutual_info,satimage-7
0.9055727554179567,0.4323923587799072,3,1-norm,sheppard,mutual_info,satimage-7
0.9065420560747663,0.6281008720397949,3,chebyshev,majority,mutual_info,satimage-4
0.9065420560747663,0.5091209411621094,1,1-norm,sheppard,relief,satimage-4
0.9065420560747663,0.4882817268371582,1,1-norm,inverse,relief,satimage-4
0.9065420560747663,0.44498181343078613,5,2-norm,inverse,uniform,satimage-9
0.9065420560747663,0.4112393856048584,1,1-norm,sheppard,uniform,satimage-4
0.9065420560747663,0.4148573875427246,1,1-norm,inverse,uniform,satimage-4
0.9065420560747663,0.41789960861206055,1,1-norm,majority,uniform,satimage-4
0.9065420560747663,0.6673417091369629,7,chebyshev,majority,mutual_info,satimage-4
0.9065420560747663,0.4202275276184082,5,1-norm,majority,mutual_info,satimage-9
0.9065420560747663,0.6021239757537842,7,chebyshev,majority,uniform,satimage-4
0.9065420560747663,0.6118752956390381,7,chebyshev,inverse,mutual_info,satimage-9
0.9065420560747663,0.42296314239501953,1,1-norm,majority,relief,satimage-4
0.9065420560747663,0.4796781539916992,5,1-norm,majority,uniform,satimage-9
0.9066874027993779,0.43472981452941895,5,1-norm,sheppard,relief,satimage-1
0.9066874027993779,0.48344898223876953,5,1-norm,inverse,relief,satimage-1
0.9066874027993779,0.41324758529663086,3,1-norm,sheppard,relief,satimage-6
0.9066874027993779,0.41654038429260254,3,1-norm,inverse,relief,satimage-6
0.9066874027993779,0.41571521759033203,5,1-norm,sheppard,mutual_info,satimage-3
0.9066874027993779,0.4195561408996582,5,1-norm,inverse,mutual_info,satimage-3
0.9066874027993779,0.4221198558807373,5,1-norm,majority,mutual_info,satimage-3
0.9066874027993779,0.5257437229156494,3,2-norm,majority,uniform,satimage-1
0.9066874027993779,0.4358551502227783,3,1-norm,inverse,relief,satimage-1
0.9066874027993779,0.4199635982513428,3,2-norm,majority,mutual_info,satimage-1
0.9066874027993779,0.42587971687316895,7,2-norm,majority,mutual_info,satimage-3
0.9066874027993779,0.41817665100097656,3,1-norm,majority,mutual_info,satimage-8
0.9066874027993779,0.4336111545562744,3,2-norm,sheppard,mutual_info,satimage-8
0.9066874027993779,0.4221341609954834,3,2-norm,inverse,mutual_info,satimage-8
0.9066874027993779,0.42842793464660645,5,2-norm,majority,uniform,satimage-3
0.9066874027993779,0.4228684902191162,3,2-norm,majority,mutual_info,satimage-8
0.9066874027993779,0.4237985610961914,7,1-norm,majority,relief,satimage-3
0.9066874027993779,0.4143500328063965,7,1-norm,inverse,mutual_info,satimage-8
0.9066874027993779,0.4141979217529297,7,1-norm,sheppard,mutual_info,satimage-8
0.9066874027993779,0.43149805068969727,3,1-norm,sheppard,uniform,satimage-3
0.9069767441860465,0.4168405532836914,7,2-norm,sheppard,mutual_info,satimage-5
0.9069767441860465,0.4231593608856201,5,2-norm,majority,mutual_info,satimage-5
0.9069767441860465,0.4483318328857422,7,2-norm,inverse,mutual_info,satimage-5
0.9069767441860465,0.4209284782409668,5,1-norm,inverse,uniform,satimage-5
0.9069767441860465,0.4456450939178467,5,1-norm,inverse,mutual_info,satimage-5
0.9069767441860465,0.4214465618133545,5,1-norm,sheppard,mutual_info,satimage-5
0.9069767441860465,0.42680859565734863,7,2-norm,majority,mutual_info,satimage-5
0.9069767441860465,0.4583587646484375,3,2-norm,majority,uniform,satimage-5
0.9069767441860465,0.4161374568939209,3,1-norm,sheppard,relief,satimage-5
0.9069767441860465,0.4224386215209961,5,1-norm,sheppard,uniform,satimage-5
0.9071207430340558,0.4391646385192871,5,1-norm,majority,mutual_info,satimage-7
0.9071207430340558,0.6222500801086426,5,chebyshev,inverse,uniform,satimage-7
0.9071207430340558,0.6148169040679932,3,chebyshev,sheppard,uniform,satimage-7
0.9071207430340558,0.44093751907348633,5,2-norm,sheppard,mutual_info,satimage-7
0.9071207430340558,0.6443448066711426,5,chebyshev,sheppard,uniform,satimage-7
0.9071207430340558,0.6111965179443359,3,chebyshev,inverse,uniform,satimage-7
0.9071207430340558,0.46785974502563477,3,2-norm,inverse,mutual_info,satimage-7
0.9071207430340558,0.6133849620819092,3,2-norm,sheppard,mutual_info,satimage-7
0.9071207430340558,0.439467191696167,7,1-norm,majority,relief,satimage-7
0.9080996884735203,0.4883086681365967,3,2-norm,sheppard,relief,satimage-4
0.9080996884735203,0.6491949558258057,3,2-norm,inverse,relief,satimage-4
0.9080996884735203,0.6216244697570801,5,chebyshev,sheppard,mutual_info,satimage-9
0.9080996884735203,0.41942358016967773,5,2-norm,majority,relief,satimage-4
0.9080996884735203,0.4179692268371582,1,2-norm,majority,mutual_info,satimage-9
0.9080996884735203,0.4169273376464844,1,2-norm,inverse,mutual_info,satimage-9
0.9080996884735203,0.41957974433898926,1,2-norm,sheppard,mutual_info,satimage-9
0.9080996884735203,0.6330833435058594,5,chebyshev,majority,mutual_info,satimage-9
0.9080996884735203,0.4370908737182617,7,2-norm,sheppard,uniform,satimage-9
0.9080996884735203,0.4261445999145508,7,2-norm,inverse,uniform,satimage-9
0.9080996884735203,0.6452157497406006,5,chebyshev,majority,mutual_info,satimage-4
0.9082426127527217,0.4234745502471924,1,2-norm,majority,mutual_info,satimage-3
0.9082426127527217,0.4322323799133301,3,2-norm,majority,uniform,satimage-3
0.9082426127527217,0.4203331470489502,1,2-norm,majority,uniform,satimage-1
0.9082426127527217,0.4231102466583252,3,1-norm,inverse,uniform,satimage-3
0.9082426127527217,0.42444467544555664,3,2-norm,inverse,mutual_info,satimage-1
0.9082426127527217,0.42396068572998047,1,2-norm,inverse,mutual_info,satimage-3
0.9082426127527217,0.41803646087646484,3,2-norm,sheppard,mutual_info,satimage-1
0.9082426127527217,0.42028307914733887,1,2-norm,sheppard,uniform,satimage-1
0.9082426127527217,0.4189894199371338,1,2-norm,inverse,uniform,satimage-1
0.9082426127527217,0.4322376251220703,3,1-norm,inverse,relief,satimage-0
0.9082426127527217,0.44553256034851074,3,1-norm,sheppard,relief,satimage-0
0.9082426127527217,0.5806481838226318,1,1-norm,sheppard,mutual_info,satimage-0
0.9082426127527217,0.5537080764770508,7,2-norm,inverse,mutual_info,satimage-3
0.9082426127527217,0.485105037689209,7,2-norm,sheppard,mutual_info,satimage-3
0.9082426127527217,0.41990137100219727,1,2-norm,sheppard,mutual_info,satimage-3
0.9082426127527217,0.4470815658569336,1,1-norm,inverse,mutual_info,satimage-0
0.9082426127527217,0.5105493068695068,1,1-norm,majority,mutual_info,satimage-0
0.9082426127527217,0.4195539951324463,3,1-norm,inverse,mutual_info,satimage-3
0.9082426127527217,0.4226796627044678,3,1-norm,sheppard,mutual_info,satimage-3
0.9085271317829458,0.4439888000488281,3,2-norm,sheppard,uniform,satimage-2
0.9085271317829458,0.41353535652160645,5,1-norm,majority,mutual_info,satimage-2
0.9085271317829458,0.4166293144226074,7,1-norm,sheppard,uniform,satimage-5
0.9085271317829458,0.43148183822631836,5,1-norm,majority,uniform,satimage-5
0.9085271317829458,0.4405975341796875,3,2-norm,inverse,uniform,satimage-2
0.9086687306501547,0.43690991401672363,5,1-norm,majority,uniform,satimage-7
0.9086687306501547,0.6116235256195068,5,chebyshev,majority,uniform,satimage-7
0.9086687306501547,0.7563290596008301,1,1-norm,sheppard,mutual_info,satimage-7
0.9086687306501547,0.4276444911956787,7,2-norm,majority,mutual_info,satimage-7
0.9086687306501547,0.47372937202453613,3,2-norm,majority,mutual_info,satimage-7
0.9086687306501547,0.535607099533081,5,1-norm,sheppard,mutual_info,satimage-7
0.9086687306501547,0.4255092144012451,1,1-norm,sheppard,uniform,satimage-7
0.9086687306501547,0.4408226013183594,1,1-norm,inverse,uniform,satimage-7
0.9086687306501547,0.4204869270324707,1,1-norm,majority,uniform,satimage-7
0.9086687306501547,0.44615674018859863,1,1-norm,majority,mutual_info,satimage-7
0.9086687306501547,0.5607938766479492,1,1-norm,inverse,mutual_info,satimage-7
0.9096573208722741,0.4287278652191162,3,1-norm,sheppard,uniform,satimage-9
0.9096573208722741,0.41739606857299805,7,2-norm,sheppard,mutual_info,satimage-9
0.9096573208722741,0.4429757595062256,1,2-norm,majority,uniform,satimage-9
0.9096573208722741,0.6424334049224854,5,chebyshev,inverse,mutual_info,satimage-9
0.9096573208722741,0.45848560333251953,1,2-norm,inverse,uniform,satimage-9
0.9096573208722741,0.5990312099456787,7,chebyshev,sheppard,uniform,satimage-4
0.9096573208722741,0.4200739860534668,1,2-norm,sheppard,uniform,satimage-9
0.9096573208722741,0.607508659362793,5,chebyshev,inverse,mutual_info,satimage-4
0.9096573208722741,0.5980923175811768,3,chebyshev,inverse,uniform,satimage-4
0.9096573208722741,0.7065744400024414,5,chebyshev,sheppard,mutual_info,satimage-4
0.9096573208722741,0.46679091453552246,5,1-norm,sheppard,uniform,satimage-9
0.9096573208722741,0.4419829845428467,5,1-norm,inverse,mutual_info,satimage-9
0.9096573208722741,0.42834949493408203,3,1-norm,inverse,uniform,satimage-9
0.9096573208722741,0.5979325771331787,3,chebyshev,sheppard,uniform,satimage-4
0.9096573208722741,0.41285061836242676,5,1-norm,sheppard,mutual_info,satimage-9
0.9096573208722741,0.4333207607269287,5,1-norm,inverse,uniform,satimage-9
0.9096573208722741,0.42029905319213867,7,2-norm,inverse,mutual_info,satimage-9
0.9097978227060654,0.4224822521209717,5,1-norm,inverse,uniform,satimage-3
0.9097978227060654,0.43829798698425293,3,2-norm,inverse,uniform,satimage-3
0.9097978227060654,0.4988667964935303,5,2-norm,majority,mutual_info,satimage-6
0.9097978227060654,0.4817936420440674,3,2-norm,inverse,uniform,satimage-1
0.9097978227060654,0.42186713218688965,3,1-norm,majority,uniform,satimage-3
0.9097978227060654,0.5251445770263672,3,2-norm,sheppard,uniform,satimage-1
0.9097978227060654,0.42377686500549316,7,1-norm,inverse,uniform,satimage-3
0.9097978227060654,0.43563008308410645,3,2-norm,sheppard,uniform,satimage-3
0.9100775193798449,0.41182565689086914,5,1-norm,sheppard,mutual_info,satimage-2
0.9100775193798449,0.4138755798339844,5,1-norm,inverse,mutual_info,satimage-2
0.9100775193798449,0.4308919906616211,5,1-norm,majority,uniform,satimage-2
0.9100775193798449,0.43006324768066406,5,1-norm,majority,mutual_info,satimage-5
0.9100775193798449,0.4157118797302246,7,1-norm,majority,mutual_info,satimage-5
0.9100775193798449,0.45115208625793457,3,2-norm,majority,uniform,satimage-2
0.9100775193798449,0.4222891330718994,7,1-norm,inverse,uniform,satimage-5
0.9102167182662538,0.45028018951416016,7,1-norm,sheppard,relief,satimage-7
0.9102167182662538,0.4445807933807373,3,1-norm,sheppard,uniform,satimage-7
0.9102167182662538,0.44930481910705566,3,1-norm,inverse,uniform,satimage-7
0.9102167182662538,0.4563562870025635,7,2-norm,sheppard,mutual_info,satimage-7
0.9102167182662538,0.4288773536682129,7,2-norm,inverse,mutual_info,satimage-7
0.9102167182662538,0.44223809242248535,7,1-norm,inverse,relief,satimage-7
0.9102167182662538,0.44826245307922363,5,1-norm,inverse,mutual_info,satimage-7
0.9102167182662538,0.4417378902435303,5,2-norm,inverse,uniform,satimage-7
0.9112149532710281,0.42159581184387207,3,1-norm,majority,mutual_info,satimage-9
0.9112149532710281,0.419985294342041,5,2-norm,majority,mutual_info,satimage-9
0.9112149532710281,0.43549203872680664,7,2-norm,majority,mutual_info,satimage-9
0.9112149532710281,0.4173622131347656,7,2-norm,majority,relief,satimage-4
0.9112149532710281,0.417712926864624,7,2-norm,sheppard,relief,satimage-4
0.9112149532710281,0.41756677627563477,5,2-norm,inverse,relief,satimage-4
0.9112149532710281,0.6032860279083252,7,chebyshev,inverse,uniform,satimage-4
0.9112149532710281,0.4189271926879883,7,2-norm,inverse,relief,satimage-4
0.9112149532710281,0.41619420051574707,5,2-norm,sheppard,relief,satimage-4
0.911353032659409,0.4299919605255127,5,1-norm,majority,uniform,satimage-3
0.911353032659409,0.45292139053344727,7,2-norm,sheppard,uniform,satimage-1
0.911353032659409,0.43906641006469727,7,2-norm,majority,uniform,satimage-1
0.911353032659409,0.42079615592956543,7,1-norm,majority,uniform,satimage-3
0.911353032659409,0.41857051849365234,7,1-norm,sheppard,uniform,satimage-3
0.911353032659409,0.4158649444580078,5,2-norm,majority,uniform,satimage-6
0.911353032659409,0.439054012298584,5,2-norm,inverse,mutual_info,satimage-8
0.911353032659409,0.42002177238464355,3,1-norm,majority,mutual_info,satimage-3
0.911353032659409,0.4215729236602783,5,2-norm,sheppard,mutual_info,satimage-8
0.9116279069767442,0.4285886287689209,1,1-norm,majority,uniform,satimage-2
0.9116279069767442,0.4311954975128174,5,1-norm,inverse,uniform,satimage-2
0.9116279069767442,0.4344148635864258,1,1-norm,sheppard,uniform,satimage-2
0.9116279069767442,0.43432021141052246,1,1-norm,inverse,uniform,satimage-2
0.9117647058823529,0.4340052604675293,3,2-norm,sheppard,uniform,satimage-7
0.9117647058823529,0.42486143112182617,7,1-norm,majority,mutual_info,satimage-7
0.9117647058823529,0.44767308235168457,3,2-norm,inverse,uniform,satimage-7
0.9117647058823529,0.45095229148864746,3,2-norm,majority,uniform,satimage-7
0.9117647058823529,0.44943785667419434,5,2-norm,majority,uniform,satimage-7
0.9117647058823529,0.44065141677856445,5,2-norm,sheppard,uniform,satimage-7
0.9127725856697819,0.5544323921203613,1,1-norm,inverse,uniform,satimage-9
0.9127725856697819,0.42049145698547363,1,1-norm,majority,uniform,satimage-9
0.9127725856697819,0.41606950759887695,5,1-norm,majority,relief,satimage-4
0.9127725856697819,0.4457123279571533,1,1-norm,sheppard,mutual_info,satimage-4
0.9127725856697819,0.42911195755004883,1,1-norm,inverse,mutual_info,satimage-4
0.9127725856697819,0.43035173416137695,1,1-norm,majority,mutual_info,satimage-4
0.9127725856697819,0.4596259593963623,1,1-norm,sheppard,uniform,satimage-9
0.9129082426127527,0.4257216453552246,3,2-norm,majority,mutual_info,satimage-3
0.9129082426127527,0.42607903480529785,3,2-norm,inverse,mutual_info,satimage-3
0.9129082426127527,0.42159056663513184,3,2-norm,sheppard,mutual_info,satimage-3
0.9129082426127527,0.4130887985229492,1,1-norm,sheppard,uniform,satimage-1
0.9129082426127527,0.4150362014770508,1,1-norm,inverse,uniform,satimage-1
0.9129082426127527,0.42078661918640137,1,1-norm,majority,uniform,satimage-1
0.9129082426127527,0.4245898723602295,5,2-norm,majority,mutual_info,satimage-3
0.9129082426127527,0.4212460517883301,5,1-norm,sheppard,uniform,satimage-3
0.9129082426127527,0.4229569435119629,5,2-norm,sheppard,mutual_info,satimage-3
0.9129082426127527,0.42804932594299316,7,2-norm,inverse,uniform,satimage-1
0.9131782945736434,0.41367340087890625,3,1-norm,majority,mutual_info,satimage-2
0.9131782945736434,0.43884778022766113,5,1-norm,sheppard,uniform,satimage-2
0.913312693498452,0.42440271377563477,7,1-norm,sheppard,mutual_info,satimage-7
0.913312693498452,0.42466092109680176,7,1-norm,inverse,mutual_info,satimage-7
0.9143302180685359,0.42062926292419434,5,2-norm,sheppard,mutual_info,satimage-9
0.9143302180685359,0.4159367084503174,5,1-norm,inverse,relief,satimage-4
0.9143302180685359,0.4151585102081299,5,1-norm,sheppard,relief,satimage-4
0.9143302180685359,0.41323423385620117,7,1-norm,majority,relief,satimage-4
0.9143302180685359,0.4136195182800293,7,1-norm,sheppard,relief,satimage-4
0.9143302180685359,0.7463605403900146,3,2-norm,majority,relief,satimage-4
0.9144634525660964,0.4298696517944336,3,2-norm,majority,mutual_info,satimage-6
0.9144634525660964,0.4242680072784424,5,2-norm,majority,mutual_info,satimage-8
0.9144634525660964,0.4469892978668213,7,1-norm,majority,mutual_info,satimage-6
0.9144634525660964,0.4139404296875,1,1-norm,majority,mutual_info,satimage-1
0.9144634525660964,0.4120500087738037,1,1-norm,inverse,mutual_info,satimage-1
0.9144634525660964,0.40887451171875,1,1-norm,sheppard,mutual_info,satimage-1
0.9144634525660964,0.4168989658355713,5,2-norm,sheppard,uniform,satimage-6
0.9144634525660964,0.42116498947143555,7,2-norm,majority,mutual_info,satimage-6
0.9144634525660964,0.4245011806488037,5,2-norm,inverse,mutual_info,satimage-3
0.9144634525660964,0.4835524559020996,7,2-norm,sheppard,uniform,satimage-6
0.9144634525660964,0.4154784679412842,5,2-norm,inverse,uniform,satimage-6
0.9147286821705426,0.41143083572387695,3,1-norm,inverse,mutual_info,satimage-2
0.9147286821705426,0.41403961181640625,1,1-norm,inverse,mutual_info,satimage-2
0.9147286821705426,0.4133923053741455,1,1-norm,majority,mutual_info,satimage-2
0.9147286821705426,0.40946078300476074,1,1-norm,sheppard,mutual_info,satimage-2
0.9147286821705426,0.4097771644592285,3,1-norm,sheppard,mutual_info,satimage-2
0.9148606811145511,0.45011329650878906,5,1-norm,inverse,uniform,satimage-7
0.9148606811145511,0.452786922454834,5,1-norm,sheppard,uniform,satimage-7
0.9158878504672897,0.4130218029022217,1,1-norm,inverse,mutual_info,satimage-9
0.9158878504672897,0.4161667823791504,1,2-norm,sheppard,uniform,satimage-4
0.9158878504672897,0.42040300369262695,5,2-norm,inverse,mutual_info,satimage-9
0.9158878504672897,0.4173266887664795,1,2-norm,inverse,uniform,satimage-4
0.9158878504672897,0.40940332412719727,1,1-norm,sheppard,mutual_info,satimage-9
0.9158878504672897,0.41249728202819824,1,1-norm,majority,mutual_info,satimage-9
0.9158878504672897,0.42081236839294434,1,2-norm,majority,uniform,satimage-4
0.9160186625194401,0.46152734756469727,7,2-norm,inverse,uniform,satimage-3
0.9160186625194401,0.4344062805175781,7,2-norm,sheppard,uniform,satimage-3
0.9160186625194401,0.4161205291748047,3,1-norm,majority,uniform,satimage-1
0.9160186625194401,0.4247434139251709,7,2-norm,majority,uniform,satimage-3
0.9160186625194401,0.5069494247436523,3,1-norm,sheppard,uniform,satimage-1
0.9160186625194401,0.4270918369293213,3,1-norm,inverse,uniform,satimage-1
0.9160186625194401,0.46707987785339355,7,2-norm,majority,uniform,satimage-6
0.9160186625194401,0.45264649391174316,7,2-norm,inverse,uniform,satimage-6
0.9160186625194401,0.42508554458618164,7,1-norm,majority,mutual_info,satimage-1
0.9160186625194401,0.41159868240356445,3,1-norm,majority,mutual_info,satimage-1
0.9174454828660437,0.4138820171356201,7,1-norm,inverse,relief,satimage-4
0.9174454828660437,0.44823145866394043,3,1-norm,sheppard,mutual_info,satimage-9
0.9174454828660437,0.4154324531555176,3,1-norm,inverse,mutual_info,satimage-9
0.9175738724727839,0.4110546112060547,7,1-norm,sheppard,mutual_info,satimage-1
0.9175738724727839,0.43560290336608887,7,1-norm,inverse,mutual_info,satimage-3
0.9175738724727839,0.4151453971862793,7,1-norm,inverse,mutual_info,satimage-1
0.9175738724727839,0.520479679107666,1,2-norm,inverse,uniform,satimage-6
0.9175738724727839,0.5031452178955078,1,2-norm,sheppard,uniform,satimage-6
0.9175738724727839,0.5052177906036377,5,1-norm,majority,mutual_info,satimage-6
0.9175738724727839,0.4128451347351074,3,1-norm,inverse,mutual_info,satimage-1
0.9175738724727839,0.4102163314819336,3,1-norm,sheppard,mutual_info,satimage-1
0.9175738724727839,0.4652125835418701,1,2-norm,majority,uniform,satimage-6
0.9178294573643411,0.4265310764312744,3,1-norm,inverse,uniform,satimage-2
0.9178294573643411,0.42501401901245117,3,1-norm,sheppard,uniform,satimage-2
0.9179566563467493,0.43015360832214355,7,1-norm,sheppard,uniform,satimage-7
0.9190031152647975,0.4257473945617676,7,1-norm,majority,uniform,satimage-4
0.9190031152647975,0.4311079978942871,3,1-norm,inverse,relief,satimage-4
0.9190031152647975,0.4252786636352539,3,1-norm,sheppard,relief,satimage-4
0.9190031152647975,0.4151139259338379,3,1-norm,majority,relief,satimage-4
0.9191290824261276,0.4214346408843994,1,1-norm,sheppard,uniform,satimage-6
0.9191290824261276,0.41691112518310547,3,2-norm,majority,uniform,satimage-6
0.9191290824261276,0.4155130386352539,5,2-norm,sheppard,mutual_info,satimage-1
0.9191290824261276,0.44353151321411133,5,2-norm,inverse,mutual_info,satimage-1
0.9191290824261276,0.41791558265686035,5,2-norm,majority,mutual_info,satimage-1
0.9191290824261276,0.4210503101348877,7,1-norm,sheppard,mutual_info,satimage-3
0.9191290824261276,0.41544413566589355,1,1-norm,majority,uniform,satimage-6
0.9191290824261276,0.46373891830444336,7,1-norm,majority,uniform,satimage-6
0.9191290824261276,0.4171109199523926,1,1-norm,inverse,uniform,satimage-6
0.9191290824261276,0.41982316970825195,7,1-norm,inverse,mutual_info,satimage-6
0.9191290824261276,0.42888474464416504,7,1-norm,majority,mutual_info,satimage-3
0.9195046439628483,0.42890214920043945,7,1-norm,inverse,uniform,satimage-7
0.9195046439628483,0.4295823574066162,7,1-norm,majority,uniform,satimage-7
0.9205607476635514,0.4316370487213135,1,2-norm,majority,mutual_info,satimage-4
0.9205607476635514,0.4381587505340576,1,2-norm,sheppard,mutual_info,satimage-4
0.9205607476635514,0.4177877902984619,1,2-norm,inverse,mutual_info,satimage-4
0.9206842923794712,0.4134988784790039,7,1-norm,sheppard,mutual_info,satimage-6
0.9206842923794712,0.4131038188934326,5,1-norm,inverse,mutual_info,satimage-1
0.9206842923794712,0.5081279277801514,5,2-norm,sheppard,mutual_info,satimage-6
0.9206842923794712,0.5064785480499268,5,1-norm,inverse,uniform,satimage-1
0.9206842923794712,0.4976325035095215,5,1-norm,sheppard,uniform,satimage-1
0.9206842923794712,0.5462901592254639,5,2-norm,inverse,mutual_info,satimage-6
0.9206842923794712,0.4340035915374756,5,2-norm,inverse,uniform,satimage-1
0.9206842923794712,0.4295823574066162,5,2-norm,sheppard,uniform,satimage-1
0.9206842923794712,0.41188907623291016,5,1-norm,sheppard,mutual_info,satimage-1
0.9209302325581395,0.42713260650634766,3,1-norm,majority,uniform,satimage-2
0.9210526315789473,0.4360034465789795,7,2-norm,inverse,uniform,satimage-7
0.9210526315789473,0.4666755199432373,7,2-norm,majority,uniform,satimage-7
0.9210526315789473,0.43912482261657715,7,2-norm,sheppard,uniform,satimage-7
0.9221183800623053,0.4151003360748291,7,1-norm,inverse,uniform,satimage-4
0.9222395023328149,0.42241597175598145,7,2-norm,inverse,mutual_info,satimage-6
0.9222395023328149,0.41302967071533203,5,1-norm,majority,uniform,satimage-6
0.9222395023328149,0.4921879768371582,5,1-norm,majority,uniform,satimage-1
0.9222395023328149,0.4301133155822754,7,1-norm,majority,uniform,satimage-1
0.9222395023328149,0.41240930557250977,3,1-norm,majority,uniform,satimage-6
0.9222395023328149,0.41933631896972656,7,2-norm,sheppard,mutual_info,satimage-6
0.9222395023328149,0.42622852325439453,5,2-norm,majority,uniform,satimage-1
0.9222395023328149,0.4436664581298828,3,1-norm,majority,mutual_info,satimage-6
0.9222395023328149,0.43503522872924805,3,2-norm,inverse,mutual_info,satimage-6
0.9222395023328149,0.46390271186828613,3,2-norm,sheppard,mutual_info,satimage-6
0.9236760124610592,0.4314448833465576,3,1-norm,inverse,mutual_info,satimage-4
0.9236760124610592,0.42612290382385254,3,1-norm,sheppard,mutual_info,satimage-4
0.9236760124610592,0.4343111515045166,7,2-norm,majority,uniform,satimage-4
0.9236760124610592,0.48360466957092285,5,2-norm,sheppard,mutual_info,satimage-4
0.9236760124610592,0.5575160980224609,5,2-norm,inverse,mutual_info,satimage-4
0.9237947122861586,0.43291401863098145,5,1-norm,inverse,mutual_info,satimage-6
0.9237947122861586,0.41254186630249023,3,2-norm,sheppard,uniform,satimage-6
0.9237947122861586,0.5699467658996582,5,1-norm,sheppard,mutual_info,satimage-6
0.9237947122861586,0.4149308204650879,1,1-norm,majority,mutual_info,satimage-6
0.9237947122861586,0.43527793884277344,7,1-norm,inverse,uniform,satimage-6
0.9237947122861586,0.4110429286956787,1,1-norm,sheppard,mutual_info,satimage-6
0.9237947122861586,0.4140758514404297,1,1-norm,inverse,mutual_info,satimage-6
0.9237947122861586,0.4175221920013428,7,2-norm,majority,mutual_info,satimage-1
0.9237947122861586,0.41739940643310547,7,1-norm,sheppard,uniform,satimage-1
0.9237947122861586,0.4203836917877197,7,1-norm,inverse,uniform,satimage-1
0.9237947122861586,0.4156525135040283,7,2-norm,sheppard,mutual_info,satimage-1
0.9237947122861586,0.4201631546020508,7,2-norm,inverse,mutual_info,satimage-1
0.9237947122861586,0.41489529609680176,5,1-norm,majority,mutual_info,satimage-1
0.9237947122861586,0.4200441837310791,3,2-norm,inverse,uniform,satimage-6
0.9252336448598131,0.48763418197631836,7,2-norm,sheppard,uniform,satimage-4
0.9252336448598131,0.5712563991546631,7,2-norm,inverse,uniform,satimage-4
0.9252336448598131,0.4411494731903076,7,1-norm,majority,mutual_info,satimage-4
0.9252336448598131,0.42247653007507324,5,2-norm,inverse,uniform,satimage-4
0.9252336448598131,0.42520642280578613,5,2-norm,sheppard,uniform,satimage-4
0.9252336448598131,0.4402432441711426,3,1-norm,majority,mutual_info,satimage-4
0.9252336448598131,0.41699981689453125,7,1-norm,sheppard,uniform,satimage-4
0.9252336448598131,0.480663537979126,3,2-norm,inverse,mutual_info,satimage-4
0.9252336448598131,0.4478111267089844,3,2-norm,sheppard,mutual_info,satimage-4
0.9252336448598131,0.43163371086120605,5,1-norm,majority,mutual_info,satimage-4
0.9252336448598131,0.44416379928588867,5,2-norm,majority,mutual_info,satimage-4
0.9253499222395023,0.40872836112976074,3,1-norm,sheppard,uniform,satimage-6
0.9253499222395023,0.43238162994384766,7,1-norm,sheppard,uniform,satimage-6
0.9253499222395023,0.41350817680358887,3,1-norm,inverse,uniform,satimage-6
0.9253499222395023,0.41907334327697754,1,2-norm,inverse,mutual_info,satimage-6
0.9253499222395023,0.4077448844909668,5,1-norm,sheppard,uniform,satimage-6
0.9253499222395023,0.4112517833709717,5,1-norm,inverse,uniform,satimage-6
0.9253499222395023,0.4172513484954834,1,2-norm,sheppard,mutual_info,satimage-6
0.9253499222395023,0.4270472526550293,3,1-norm,inverse,mutual_info,satimage-6
0.9253499222395023,0.42482471466064453,3,1-norm,sheppard,mutual_info,satimage-6
0.9253499222395023,0.4212484359741211,1,2-norm,majority,mutual_info,satimage-6
0.926791277258567,0.4204254150390625,5,2-norm,majority,uniform,satimage-4
0.926791277258567,0.414414644241333,5,1-norm,sheppard,uniform,satimage-4
0.926791277258567,0.4180264472961426,5,1-norm,inverse,uniform,satimage-4
0.926791277258567,0.4309990406036377,3,2-norm,majority,mutual_info,satimage-4
0.926791277258567,0.4152703285217285,3,1-norm,sheppard,uniform,satimage-4
0.926791277258567,0.41577720642089844,3,1-norm,inverse,uniform,satimage-4
0.926791277258567,0.8930230140686035,7,1-norm,sheppard,mutual_info,satimage-4
0.926791277258567,0.416949987411499,5,1-norm,majority,uniform,satimage-4
0.9283489096573209,0.42824864387512207,5,1-norm,sheppard,mutual_info,satimage-4
0.9283489096573209,0.48744726181030273,7,1-norm,inverse,mutual_info,satimage-4
0.9283489096573209,0.45175647735595703,5,1-norm,inverse,mutual_info,satimage-4
0.9283489096573209,0.4189870357513428,3,1-norm,majority,uniform,satimage-4
0.9283489096573209,0.5300700664520264,7,2-norm,majority,mutual_info,satimage-4
0.9283489096573209,0.5591945648193359,7,2-norm,inverse,mutual_info,satimage-4
0.9283489096573209,0.4583015441894531,7,2-norm,sheppard,mutual_info,satimage-4
0.9314641744548287,0.42178940773010254,3,2-norm,inverse,uniform,satimage-4
0.9314641744548287,0.41688990592956543,3,2-norm,sheppard,uniform,satimage-4
0.9330218068535826,0.4201035499572754,3,2-norm,majority,uniform,satimage-4
